Date,Product,Day,Weekend,Prev_Sales,7_Day_Avg,Price,Promo,Temp_C,Rain_mm,Holiday,Demand
2026-09-01,Croissant,Tue,0,60.0,60.0,70.0,0,24.7,0.0,0,84
2026-09-02,Bread,Wed,0,84.0,84.0,40.0,0,30.9,1.4,0,71
2026-09-03,Croissant,Thu,0,71.0,77.5,70.0,0,24.2,11.2,0,74
2026-09-04,Pastry,Fri,0,74.0,76.3,60.0,0,27.1,1.0,0,77
2026-09-05,Muffin,Sat,1,77.0,76.5,45.0,0,26.1,0.0,0,44
2026-09-06,Croissant,Sun,1,44.0,70.0,70.0,0,28.5,0.0,0,92
2026-09-07,Croissant,Mon,0,92.0,73.7,70.0,1,26.0,1.0,0,108
2026-09-08,Croissant,Tue,0,108.0,78.6,70.0,0,27.1,1.0,0,104
2026-09-09,Muffin,Wed,0,104.0,81.4,45.0,1,27.2,0.0,0,53
2026-09-10,Bread,Thu,0,53.0,78.9,40.0,0,25.6,2.1,0,64
2026-09-11,Bread,Fri,0,64.0,77.4,40.0,0,29.6,0.0,0,62
2026-09-12,Croissant,Sat,1,62.0,75.3,70.0,0,28.8,0.8,0,92
2026-09-13,Pastry,Sun,1,92.0,82.1,60.0,0,27.7,8.2,0,83
2026-09-14,Croissant,Mon,0,83.0,80.9,70.0,1,26.6,1.9,0,102
2026-09-15,Bread,Tue,0,102.0,80.0,40.0,0,30.5,0.0,0,61
2026-09-16,Muffin,Wed,0,61.0,73.9,45.0,0,27.2,8.5,0,40
2026-09-17,Pastry,Thu,0,40.0,72.0,60.0,0,27.0,7.2,0,74
2026-09-18,Muffin,Fri,0,74.0,73.4,45.0,1,28.3,8.8,0,37
2026-09-19,Croissant,Sat,1,37.0,69.9,70.0,0,33.4,15.1,0,81
2026-09-20,Pastry,Sun,1,81.0,68.3,60.0,0,23.7,0.0,0,88
2026-09-21,Croissant,Mon,0,88.0,69.0,70.0,1,30.5,14.6,0,96
2026-09-22,Bread,Tue,0,96.0,68.1,40.0,1,21.9,0.3,0,74
2026-09-23,Croissant,Wed,0,74.0,70.0,70.0,1,28.7,3.5,0,110
2026-09-24,Croissant,Thu,0,110.0,80.0,70.0,0,33.0,0.0,0,89
2026-09-25,Croissant,Fri,0,89.0,82.1,70.0,0,29.6,5.3,0,82
2026-09-26,Muffin,Sat,1,82.0,88.6,45.0,0,28.5,3.8,0,63
2026-09-27,Bread,Sun,1,63.0,86.0,40.0,1,26.2,0.2,0,83
2026-09-28,Muffin,Mon,0,83.0,85.3,45.0,0,28.1,1.4,0,39
2026-09-29,Muffin,Tue,0,39.0,77.1,45.0,1,27.2,0.0,0,42
2026-09-30,Pastry,Wed,0,42.0,72.6,60.0,0,25.5,5.3,0,68
2026-10-01,Pastry,Thu,0,68.0,66.6,60.0,0,27.1,8.0,0,64
2026-10-02,Croissant,Fri,0,64.0,63.0,70.0,1,28.6,0.0,1,125
2026-10-03,Bread,Sat,1,125.0,69.1,40.0,0,25.5,1.1,0,67
2026-10-04,Bread,Sun,1,67.0,69.7,40.0,1,25.4,1.9,0,88
2026-10-05,Bread,Mon,0,88.0,70.4,40.0,0,23.6,3.0,0,56
2026-10-06,Muffin,Tue,0,56.0,72.9,45.0,0,29.3,2.2,0,31
2026-10-07,Muffin,Wed,0,31.0,71.3,45.0,0,29.7,2.7,0,33
2026-10-08,Bread,Thu,0,33.0,66.3,40.0,0,28.7,0.8,0,37
2026-10-09,Muffin,Fri,0,37.0,62.4,45.0,0,31.1,0.9,0,37
2026-10-10,Pastry,Sat,1,37.0,49.9,60.0,0,28.3,0.8,0,80
2026-10-11,Bread,Sun,1,80.0,51.7,40.0,0,29.3,0.0,0,77
2026-10-12,Croissant,Mon,0,77.0,50.1,70.0,0,29.0,0.2,0,77
2026-10-13,Pastry,Tue,0,77.0,53.1,60.0,0,27.7,2.9,0,86
2026-10-14,Bread,Wed,0,86.0,61.0,40.0,0,26.3,7.4,0,65
2026-10-15,Croissant,Thu,0,65.0,65.6,70.0,0,35.1,0.0,0,105
2026-10-16,Croissant,Fri,0,105.0,75.3,70.0,0,26.6,0.9,0,94
2026-10-17,Bread,Sat,1,94.0,83.4,40.0,0,25.9,0.0,0,79
2026-10-18,Bread,Sun,1,79.0,83.3,40.0,1,29.4,0.0,0,72
2026-10-19,Pastry,Mon,0,72.0,82.6,60.0,1,28.8,0.3,0,97
2026-10-20,Muffin,Tue,0,97.0,85.4,45.0,0,23.5,1.7,1,49
2026-10-21,Muffin,Wed,0,49.0,80.1,45.0,0,31.6,1.6,0,27
2026-10-22,Muffin,Thu,0,27.0,74.7,45.0,0,27.7,1.1,0,27
2026-10-23,Croissant,Fri,0,27.0,63.6,70.0,0,24.4,2.5,0,84
2026-10-24,Pastry,Sat,1,84.0,62.1,60.0,0,31.8,0.0,0,82
2026-10-25,Pastry,Sun,1,82.0,62.6,60.0,0,30.0,1.7,0,90
2026-10-26,Croissant,Mon,0,90.0,65.1,70.0,0,24.0,3.9,0,75
2026-10-27,Bread,Tue,0,75.0,62.0,40.0,1,33.7,0.0,0,60
2026-10-28,Pastry,Wed,0,60.0,63.6,60.0,0,30.1,0.0,0,89
2026-10-29,Muffin,Thu,0,89.0,72.4,45.0,0,28.0,5.3,0,48
2026-10-30,Muffin,Fri,0,48.0,75.4,45.0,1,33.1,0.0,0,45
2026-10-31,Pastry,Sat,1,45.0,69.9,60.0,1,28.5,0.0,0,95
2026-11-01,Bread,Sun,1,95.0,71.7,40.0,0,27.9,3.8,0,79
2026-11-02,Pastry,Mon,0,79.0,70.1,60.0,0,25.9,0.0,0,81
2026-11-03,Croissant,Tue,0,81.0,71.0,70.0,0,29.9,4.9,0,94
2026-11-04,Pastry,Wed,0,94.0,75.9,60.0,0,29.5,0.0,0,90
2026-11-05,Pastry,Thu,0,90.0,76.0,60.0,1,28.0,0.0,0,86
2026-11-06,Pastry,Fri,0,86.0,81.4,60.0,0,25.5,0.0,0,79
2026-11-07,Bread,Sat,1,79.0,86.3,40.0,0,28.4,3.1,0,70
2026-11-08,Muffin,Sun,1,70.0,82.7,45.0,0,27.8,0.0,1,62
2026-11-09,Bread,Mon,0,62.0,80.3,40.0,0,23.7,5.3,0,53
2026-11-10,Muffin,Tue,0,53.0,76.3,45.0,1,23.3,1.2,0,48
2026-11-11,Bread,Wed,0,48.0,69.7,40.0,0,29.8,1.5,0,60
2026-11-12,Croissant,Thu,0,60.0,65.4,70.0,0,20.0,0.0,0,77
2026-11-13,Muffin,Fri,0,77.0,64.1,45.0,1,28.7,6.2,0,57
2026-11-14,Muffin,Sat,1,57.0,61.0,45.0,1,26.5,3.9,0,49
2026-11-15,Bread,Sun,1,49.0,58.0,40.0,0,32.2,3.8,0,66
2026-11-16,Bread,Mon,0,66.0,58.6,40.0,0,26.4,0.7,0,57
2026-11-17,Pastry,Tue,0,57.0,59.1,60.0,0,30.1,0.0,0,80
2026-11-18,Pastry,Wed,0,80.0,63.7,60.0,0,26.7,1.7,0,60
2026-11-19,Croissant,Thu,0,60.0,63.7,70.0,0,28.4,2.9,0,97
2026-11-20,Pastry,Fri,0,97.0,66.6,60.0,0,30.4,3.0,0,75
2026-11-21,Bread,Sat,1,75.0,69.1,40.0,1,26.5,2.4,0,90
2026-11-22,Croissant,Sun,1,90.0,75.0,70.0,1,31.2,2.3,0,111
2026-11-23,Muffin,Mon,0,111.0,81.4,45.0,1,24.8,0.0,0,55
2026-11-24,Muffin,Tue,0,55.0,81.1,45.0,1,28.9,0.0,0,67
2026-11-25,Muffin,Wed,0,67.0,79.3,45.0,1,31.0,0.0,1,67
2026-11-26,Pastry,Thu,0,67.0,80.3,60.0,1,30.1,5.4,0,99
2026-11-27,Bread,Fri,0,99.0,80.6,40.0,1,34.1,11.4,0,77
2026-11-28,Muffin,Sat,1,77.0,80.9,45.0,0,25.6,22.1,0,44
2026-11-29,Pastry,Sun,1,44.0,74.3,60.0,0,23.6,1.9,0,81
2026-11-30,Muffin,Mon,0,81.0,70.0,45.0,0,24.8,2.3,0,46
2026-12-01,Pastry,Tue,0,46.0,68.7,60.0,0,30.1,0.8,0,71
2026-12-02,Bread,Wed,0,71.0,69.3,40.0,0,29.6,1.8,0,54
2026-12-03,Bread,Thu,0,54.0,67.4,40.0,0,28.3,0.0,0,55
2026-12-04,Bread,Fri,0,55.0,61.1,40.0,0,24.4,0.7,0,58
2026-12-05,Pastry,Sat,1,58.0,58.4,60.0,0,,0.0,0,84
2026-12-06,Bread,Sun,1,84.0,64.1,40.0,0,24.1,0.4,0,74
2026-12-07,Muffin,Mon,0,74.0,63.1,45.0,1,31.7,0.0,0,65
2026-12-08,Muffin,Tue,0,65.0,65.9,45.0,1,36.0,2.9,0,48
2026-12-09,Croissant,Wed,0,48.0,62.6,70.0,0,29.2,3.5,0,83
2026-12-10,Croissant,Thu,0,83.0,66.7,70.0,0,29.9,2.2,0,82
2026-12-11,Pastry,Fri,0,82.0,70.6,60.0,0,26.4,0.0,0,94
2026-12-12,Bread,Sat,1,94.0,75.7,40.0,1,22.2,0.0,0,83
2026-12-13,Croissant,Sun,1,83.0,75.6,70.0,1,26.1,3.5,0,115
2026-12-14,Croissant,Mon,0,115.0,81.4,70.0,0,24.5,1.2,0,84
2026-12-15,Pastry,Tue,0,84.0,84.1,60.0,1,23.4,0.0,0,89
2026-12-16,Bread,Wed,0,89.0,90.0,40.0,0,33.5,1.6,0,71
2026-12-17,Bread,Thu,0,71.0,88.3,40.0,0,28.9,2.3,0,60
2026-12-18,Muffin,Fri,0,60.0,85.1,45.0,1,29.2,0.0,0,61
2026-12-19,Croissant,Sat,1,61.0,80.4,70.0,0,27.0,3.0,0,116
2026-12-20,Bread,Sun,1,116.0,85.1,40.0,0,27.4,0.0,0,67
2026-12-21,Muffin,Mon,0,67.0,78.3,45.0,0,31.1,0.0,0,34
2026-12-22,Bread,Tue,0,34.0,71.1,40.0,0,27.9,0.0,0,51
2026-12-23,Pastry,Wed,0,51.0,65.7,60.0,1,29.7,0.0,0,101
2026-12-24,Muffin,Thu,0,101.0,70.0,45.0,1,27.4,0.0,0,63
2026-12-25,Croissant,Fri,0,63.0,70.4,70.0,0,26.9,5.3,1,103
2026-12-26,Croissant,Sat,1,103.0,76.4,70.0,0,23.5,0.6,0,101
2026-12-27,Pastry,Sun,1,101.0,74.3,60.0,1,21.7,0.1,0,91
2026-12-28,Bread,Mon,0,91.0,77.7,40.0,0,27.2,5.9,0,68
2026-12-29,Pastry,Tue,0,68.0,82.6,60.0,1,28.2,5.6,0,85
2026-12-30,Pastry,Wed,0,85.0,87.4,60.0,0,23.9,0.3,0,75
2026-12-31,Pastry,Thu,0,75.0,83.7,60.0,0,27.9,2.1,0,83
2027-01-01,Muffin,Fri,0,83.0,86.6,45.0,1,28.2,0.0,1,68
2027-01-02,Bread,Sat,1,68.0,81.6,40.0,0,21.1,0.9,0,63
2027-01-03,Muffin,Sun,1,63.0,76.1,45.0,0,25.1,0.0,0,46
2027-01-04,Bread,Mon,0,46.0,69.7,40.0,0,29.3,2.6,0,65
2027-01-05,Bread,Tue,0,65.0,69.3,40.0,0,29.2,6.1,0,73
2027-01-06,Muffin,Wed,0,73.0,67.6,45.0,0,24.3,5.0,0,41
2027-01-07,Muffin,Thu,0,41.0,62.7,45.0,0,28.5,1.3,0,43
2027-01-08,Pastry,Fri,0,43.0,57.0,60.0,1,31.3,0.0,0,87
2027-01-09,Muffin,Sat,1,87.0,59.7,45.0,1,30.5,0.0,0,57
2027-01-10,Croissant,Sun,1,57.0,58.9,70.0,0,27.7,0.9,0,103
2027-01-11,Pastry,Mon,0,103.0,67.0,60.0,0,26.5,0.0,0,81
2027-01-12,Bread,Tue,0,81.0,69.3,40.0,1,26.0,0.0,0,62
2027-01-13,Pastry,Wed,0,62.0,67.7,60.0,1,29.5,8.0,0,84
2027-01-14,Muffin,Thu,0,84.0,73.9,45.0,0,28.6,4.4,0,40
2027-01-15,Croissant,Fri,0,40.0,73.4,70.0,0,30.0,2.9,0,85
2027-01-16,Bread,Sat,1,85.0,73.1,40.0,0,28.4,3.8,0,82
2027-01-17,Croissant,Sun,1,82.0,76.7,70.0,0,30.6,0.0,0,107
2027-01-18,Muffin,Mon,0,107.0,77.3,45.0,0,28.3,0.0,0,56
2027-01-19,Bread,Tue,0,56.0,73.7,40.0,0,30.5,1.9,0,63
2027-01-20,Bread,Wed,0,63.0,73.9,40.0,1,30.8,2.2,0,74
2027-01-21,Croissant,Thu,0,74.0,72.4,70.0,1,25.4,0.0,0,95
2027-01-22,Pastry,Fri,0,95.0,80.3,60.0,1,22.2,1.7,0,89
2027-01-23,Bread,Sat,1,89.0,80.9,40.0,0,32.9,1.0,0,74
2027-01-24,Bread,Sun,1,74.0,79.7,40.0,0,28.8,4.8,0,58
2027-01-25,Bread,Mon,0,58.0,72.7,40.0,1,22.5,2.2,0,64
2027-01-26,Pastry,Tue,0,64.0,73.9,60.0,1,25.7,8.9,1,97
2027-01-27,Bread,Wed,0,97.0,78.7,40.0,0,30.5,0.3,0,69
2027-01-28,Muffin,Thu,0,69.0,78.0,45.0,1,27.1,0.0,0,56
2027-01-29,Croissant,Fri,0,56.0,72.4,70.0,0,26.4,8.7,0,82
2027-01-30,Croissant,Sat,1,82.0,71.4,70.0,1,32.5,2.4,0,119
2027-01-31,Muffin,Sun,1,119.0,77.9,45.0,0,24.6,1.0,0,50
2027-02-01,Pastry,Mon,0,50.0,76.7,60.0,0,25.4,0.0,0,52
2027-02-02,Muffin,Tue,0,52.0,75.0,45.0,0,28.7,0.3,0,35
2027-02-03,Pastry,Wed,0,35.0,66.1,60.0,0,29.2,0.2,0,83
2027-02-04,Bread,Thu,0,83.0,68.1,40.0,0,29.6,0.0,0,50
2027-02-05,Pastry,Fri,0,50.0,67.3,60.0,0,30.9,0.0,0,78
2027-02-06,Pastry,Sat,1,78.0,66.7,60.0,0,28.6,0.1,0,99
2027-02-07,Croissant,Sun,1,99.0,63.9,70.0,1,29.6,3.9,0,108
2027-02-08,Muffin,Mon,0,108.0,72.1,45.0,0,27.2,6.7,0,41
2027-02-09,Croissant,Tue,0,41.0,,70.0,0,28.2,5.1,0,77
2027-02-10,Muffin,Wed,0,77.0,76.6,45.0,1,28.3,5.4,0,65
2027-02-11,Muffin,Thu,0,65.0,74.0,45.0,0,28.7,0.0,0,40
2027-02-12,Pastry,Fri,0,40.0,72.6,60.0,0,30.5,2.0,0,76
2027-02-13,Bread,Sat,1,76.0,72.3,40.0,1,29.8,3.0,0,93
2027-02-14,Croissant,Sun,1,93.0,71.4,70.0,1,28.1,3.2,1,134
2027-02-15,Croissant,Mon,0,134.0,75.1,70.0,0,25.4,0.9,0,90
2027-02-16,Bread,Tue,0,90.0,82.1,40.0,1,28.2,1.5,0,70
2027-02-17,Croissant,Wed,0,70.0,81.1,70.0,0,27.9,4.9,0,95
2027-02-18,Bread,Thu,0,95.0,85.4,40.0,0,28.6,2.8,0,59
2027-02-19,Pastry,Fri,0,59.0,88.1,60.0,1,35.1,3.6,0,76
2027-02-20,Bread,Sat,1,76.0,88.1,40.0,0,26.3,0.0,0,69
2027-02-21,Croissant,Sun,1,69.0,84.7,70.0,1,29.4,3.4,0,100
2027-02-22,Muffin,Mon,0,100.0,79.9,45.0,0,31.4,1.5,0,58
2027-02-23,Muffin,Tue,0,58.0,75.3,45.0,1,28.3,4.3,0,52
2027-02-24,Bread,Wed,0,52.0,72.7,40.0,0,35.5,0.0,0,57
2027-02-25,Croissant,Thu,0,57.0,67.3,70.0,0,26.8,3.9,0,83
2027-02-26,Croissant,Fri,0,83.0,70.7,70.0,0,29.0,0.3,0,79
2027-02-27,Pastry,Sat,1,79.0,71.1,60.0,0,25.4,3.9,0,75
2027-02-28,Croissant,Sun,1,75.0,72.0,70.0,1,26.9,2.0,0,119
2027-03-01,Croissant,Mon,0,119.0,74.7,70.0,0,28.8,1.3,0,115
2027-03-02,Pastry,Tue,0,115.0,,60.0,0,30.7,0.4,0,90
2027-03-03,Bread,Wed,0,90.0,88.3,40.0,0,29.0,1.0,0,64
2027-03-04,Croissant,Thu,0,64.0,89.3,70.0,0,32.0,0.1,0,91
2027-03-05,Pastry,Fri,0,91.0,90.4,60.0,1,27.7,0.4,0,85
2027-03-06,Bread,Sat,1,85.0,91.3,40.0,0,26.9,2.7,0,87
2027-03-07,Muffin,Sun,1,87.0,93.0,45.0,1,36.0,0.0,0,67
2027-03-08,Pastry,Mon,0,67.0,85.6,60.0,0,29.3,3.9,1,110
2027-03-09,Bread,Tue,0,110.0,,40.0,0,25.7,4.0,0,74
2027-03-10,Croissant,Wed,0,74.0,82.6,70.0,0,25.8,0.5,0,78
2027-03-11,Muffin,Thu,0,78.0,84.6,45.0,0,25.0,1.6,0,34
2027-03-12,Muffin,Fri,0,34.0,76.4,45.0,1,31.0,0.0,0,46
2027-03-13,Croissant,Sat,1,46.0,70.9,70.0,1,26.8,2.5,0,107
2027-03-14,Muffin,Sun,1,107.0,73.7,45.0,1,28.4,0.0,0,64
2027-03-15,Muffin,Mon,0,64.0,73.3,45.0,0,27.8,6.4,0,62
2027-03-16,Pastry,Tue,0,62.0,66.4,60.0,0,30.3,0.0,0,69
2027-03-17,Croissant,Wed,0,69.0,65.7,70.0,0,25.3,0.9,0,91
2027-03-18,Muffin,Thu,0,91.0,67.6,45.0,0,24.6,1.7,0,45
2027-03-19,Bread,Fri,0,45.0,69.1,40.0,1,28.7,2.7,0,70
2027-03-20,Croissant,Sat,1,70.0,72.6,70.0,0,29.9,1.2,0,102
2027-03-21,Croissant,Sun,1,102.0,71.9,70.0,0,29.1,2.0,0,95
2027-03-22,Pastry,Mon,0,95.0,76.3,60.0,1,25.4,0.5,0,92
2027-03-23,Muffin,Tue,0,92.0,80.6,45.0,1,30.2,0.0,0,61
2027-03-24,Muffin,Wed,0,61.0,79.4,45.0,0,25.6,1.1,0,41
2027-03-25,Muffin,Thu,0,41.0,72.3,45.0,0,26.3,3.3,1,55
2027-03-26,Muffin,Fri,0,55.0,73.7,45.0,0,25.0,0.0,0,49
2027-03-27,Pastry,Sat,1,49.0,70.7,60.0,0,32.2,1.8,0,93
2027-03-28,Muffin,Sun,1,93.0,69.4,45.0,0,30.0,10.7,0,49
2027-03-29,Pastry,Mon,0,49.0,62.9,60.0,0,29.9,0.9,0,67
2027-03-30,Pastry,Tue,0,67.0,59.3,60.0,1,32.0,1.0,0,86
2027-03-31,Pastry,Wed,0,86.0,62.9,60.0,1,36.0,0.0,0,94
2027-04-01,Muffin,Thu,0,94.0,70.4,45.0,0,22.5,0.0,0,42
2027-04-02,Croissant,Fri,0,42.0,68.6,70.0,0,25.6,0.0,0,84
2027-04-03,Pastry,Sat,1,84.0,73.6,60.0,0,26.0,3.1,0,78
2027-04-04,Pastry,Sun,1,78.0,71.4,60.0,0,25.3,0.0,0,75
2027-04-05,Muffin,Mon,0,75.0,75.1,45.0,0,24.6,2.4,0,25
2027-04-06,Muffin,Tue,0,25.0,69.1,45.0,0,27.0,0.0,0,33
2027-04-07,Croissant,Wed,0,33.0,61.6,70.0,0,24.1,0.0,0,74
2027-04-08,Bread,Thu,0,74.0,58.7,40.0,0,29.1,3.6,0,53
2027-04-09,Bread,Fri,0,53.0,60.3,40.0,0,28.2,0.2,0,56
2027-04-10,Bread,Sat,1,56.0,56.3,40.0,0,29.5,2.7,0,56
2027-04-11,Pastry,Sun,1,56.0,53.1,60.0,1,29.6,0.0,0,99
2027-04-12,Croissant,Mon,0,99.0,56.6,70.0,0,29.9,1.5,0,101
2027-04-13,Bread,Tue,0,101.0,67.4,40.0,0,26.8,0.0,0,59
2027-04-14,Croissant,Wed,0,59.0,71.1,70.0,1,34.8,1.4,1,118
2027-04-15,Muffin,Thu,0,118.0,77.4,45.0,0,28.8,1.5,0,50
2027-04-16,Pastry,Fri,0,50.0,77.0,60.0,0,22.0,1.1,0,66
2027-04-17,Pastry,Sat,1,66.0,78.4,60.0,1,24.8,5.3,0,88
2027-04-18,Muffin,Sun,1,88.0,83.0,45.0,0,22.4,2.3,0,56
2027-04-19,Muffin,Mon,0,56.0,76.9,45.0,0,28.1,10.7,0,43
2027-04-20,Bread,Tue,0,43.0,68.6,40.0,0,27.6,0.3,0,63
2027-04-21,Croissant,Wed,0,63.0,69.1,70.0,0,26.5,0.0,0,98
2027-04-22,Pastry,Thu,0,98.0,66.3,60.0,0,34.4,0.0,0,68
2027-04-23,Croissant,Fri,0,68.0,68.9,70.0,0,29.8,0.4,0,103
2027-04-24,Croissant,Sat,1,103.0,74.1,70.0,0,30.3,11.5,0,104
2027-04-25,Bread,Sun,1,104.0,76.4,40.0,0,25.0,1.3,0,79
2027-04-26,Croissant,Mon,0,79.0,79.7,70.0,0,24.8,5.6,0,93
2027-04-27,Muffin,Tue,0,93.0,86.9,45.0,0,28.1,0.1,0,44
2027-04-28,Muffin,Wed,0,44.0,84.1,45.0,0,28.6,0.0,0,37
2027-04-29,Croissant,Thu,0,37.0,75.4,70.0,1,22.1,0.0,0,100
2027-04-30,Croissant,Fri,0,100.0,80.0,70.0,0,27.4,11.2,0,89
2027-05-01,Muffin,Sat,1,89.0,78.0,45.0,0,28.0,7.7,0,55
2027-05-02,Pastry,Sun,1,55.0,71.0,60.0,0,27.3,1.8,0,71
2027-05-03,Pastry,Mon,0,71.0,69.9,60.0,0,25.4,0.5,0,72
2027-05-04,Croissant,Tue,0,72.0,66.9,70.0,0,26.3,1.4,0,107
2027-05-05,Pastry,Wed,0,107.0,75.9,60.0,0,27.4,0.0,0,76
2027-05-06,Bread,Thu,0,76.0,81.4,40.0,0,28.3,2.7,0,60
2027-05-07,Bread,Fri,0,60.0,75.7,40.0,1,29.9,7.1,0,64
2027-05-08,Bread,Sat,1,64.0,72.1,40.0,1,31.5,7.4,0,83
2027-05-09,Pastry,Sun,1,83.0,76.1,60.0,0,27.1,0.0,0,81
2027-05-10,Croissant,Mon,0,81.0,77.6,70.0,0,26.5,5.5,0,89
2027-05-11,Bread,Tue,0,89.0,80.0,40.0,0,29.4,0.0,0,71
2027-05-12,Muffin,Wed,0,71.0,74.9,45.0,0,30.0,0.0,0,36
2027-05-13,Muffin,Thu,0,36.0,69.1,45.0,0,26.6,5.7,0,40
2027-05-14,Pastry,Fri,0,40.0,66.3,60.0,1,30.5,0.0,0,95
2027-05-15,Croissant,Sat,1,95.0,70.7,70.0,1,31.1,4.9,0,123
2027-05-16,Muffin,Sun,1,123.0,76.4,45.0,1,32.1,4.4,0,68
2027-05-17,Muffin,Mon,0,68.0,74.6,45.0,0,33.7,3.7,0,68
2027-05-18,Pastry,Tue,0,68.0,71.6,60.0,1,25.2,1.4,0,96
2027-05-19,Muffin,Wed,0,96.0,75.1,45.0,0,28.0,0.0,0,46
2027-05-20,Croissant,Thu,0,46.0,76.6,70.0,0,28.0,0.4,0,83
2027-05-21,Bread,Fri,0,,82.7,40.0,0,27.7,7.6,0,60
2027-05-22,Muffin,Sat,1,60.0,77.7,45.0,1,25.9,5.0,0,68
2027-05-23,Croissant,Sun,1,68.0,69.9,70.0,0,23.2,0.5,0,110
2027-05-24,Muffin,Mon,0,110.0,75.9,45.0,1,,0.5,0,69
2027-05-25,Bread,Tue,0,69.0,76.0,40.0,0,25.5,3.3,0,65
2027-05-26,Muffin,Wed,0,65.0,71.6,45.0,1,28.3,1.6,0,42
2027-05-27,Muffin,Thu,0,42.0,71.0,45.0,0,25.5,0.6,0,40
2027-05-28,Muffin,Fri,0,40.0,64.9,45.0,0,24.5,2.9,0,24
2027-05-29,Muffin,Sat,1,24.0,59.7,45.0,1,28.7,2.8,0,43
2027-05-30,Muffin,Sun,1,43.0,56.1,45.0,0,28.5,0.0,0,47
2027-05-31,Muffin,Mon,0,47.0,47.1,45.0,0,29.9,2.2,0,42
2027-06-01,Pastry,Tue,0,42.0,43.3,60.0,0,35.0,2.6,0,84
2027-06-02,Pastry,Wed,0,,46.0,60.0,0,28.9,1.1,0,82
2027-06-03,Bread,Thu,0,82.0,51.7,40.0,0,29.6,0.0,0,67
2027-06-04,Bread,Fri,0,67.0,55.6,40.0,0,24.6,0.3,0,50
2027-06-05,Pastry,Sat,1,50.0,59.3,60.0,0,23.9,0.0,0,80
2027-06-06,Croissant,Sun,1,80.0,64.6,70.0,1,33.1,2.3,0,103
2027-06-07,Croissant,Mon,0,103.0,72.6,70.0,0,25.0,0.0,0,78
2027-06-08,Muffin,Tue,0,78.0,77.7,45.0,0,24.7,8.4,0,43
2027-06-09,Muffin,Wed,0,43.0,71.9,45.0,0,27.9,6.7,0,29
2027-06-10,Muffin,Thu,0,29.0,64.3,45.0,0,27.7,2.7,0,42
2027-06-11,Muffin,Fri,0,42.0,60.7,45.0,0,25.1,4.7,0,43
2027-06-12,Pastry,Sat,1,43.0,59.7,60.0,1,27.0,4.3,0,87
2027-06-13,Bread,Sun,1,87.0,60.7,40.0,1,31.9,1.6,0,89
2027-06-14,Muffin,Mon,0,89.0,58.7,45.0,0,25.4,0.7,0,35
2027-06-15,Bread,Tue,0,35.0,52.6,40.0,0,23.5,0.4,0,39
2027-06-16,Pastry,Wed,0,39.0,52.0,60.0,0,31.0,0.0,0,76
2027-06-17,Muffin,Thu,0,76.0,58.7,45.0,0,29.6,0.0,0,38
2027-06-18,Croissant,Fri,0,38.0,58.1,70.0,0,26.0,5.2,0,82
2027-06-19,Muffin,Sat,1,82.0,63.7,45.0,0,22.9,4.6,0,60
2027-06-20,Croissant,Sun,1,,59.9,70.0,0,25.6,0.6,0,85
2027-06-21,Muffin,Mon,0,85.0,59.3,45.0,0,27.8,3.1,0,43
2027-06-22,Croissant,Tue,0,43.0,60.4,70.0,0,31.7,3.7,0,82
2027-06-23,Croissant,Wed,0,82.0,66.6,70.0,0,24.7,0.0,0,98
2027-06-24,Croissant,Thu,0,98.0,69.7,70.0,0,27.7,7.2,0,94
2027-06-25,Croissant,Fri,0,94.0,77.7,70.0,0,30.2,3.7,0,98
2027-06-26,Croissant,Sat,1,98.0,80.0,70.0,1,20.4,2.7,0,102
2027-06-27,Pastry,Sun,1,102.0,86.0,60.0,0,31.3,3.7,0,84
2027-06-28,Croissant,Mon,0,84.0,85.9,70.0,0,24.2,2.3,0,98
2027-06-29,Muffin,Tue,0,98.0,93.7,45.0,0,29.1,1.0,0,59
2027-06-30,Pastry,Wed,0,59.0,90.4,60.0,1,28.8,1.7,0,93
2027-07-01,Pastry,Thu,0,93.0,89.7,60.0,0,31.5,0.0,0,76
2027-07-02,Croissant,Fri,0,76.0,87.1,70.0,1,29.8,12.1,0,105
2027-07-03,Bread,Sat,1,105.0,88.1,40.0,1,20.4,0.9,0,100
2027-07-04,Bread,Sun,1,100.0,87.9,40.0,0,25.5,11.9,0,68
2027-07-05,Pastry,Mon,0,68.0,85.6,60.0,0,28.4,1.7,0,90
2027-07-06,Bread,Tue,0,90.0,84.4,40.0,0,27.4,0.0,0,58
2027-07-07,Muffin,Wed,0,58.0,84.3,45.0,1,29.5,7.0,0,50
2027-07-08,Bread,Thu,0,50.0,78.1,40.0,0,30.5,2.6,0,65
2027-07-09,Bread,Fri,0,65.0,76.6,40.0,1,29.9,16.1,0,72
2027-07-10,Muffin,Sat,1,72.0,71.9,45.0,0,27.3,0.0,0,42
2027-07-11,Bread,Sun,1,42.0,63.6,40.0,0,22.1,7.3,0,54
2027-07-12,Bread,Mon,0,54.0,61.6,40.0,0,26.5,7.7,0,64
2027-07-13,Bread,Tue,0,64.0,57.9,40.0,0,29.3,4.1,0,69
2027-07-14,Bread,Wed,0,69.0,59.4,40.0,0,24.5,7.7,0,68
2027-07-15,Pastry,Thu,0,68.0,62.0,60.0,0,30.0,1.0,0,92
2027-07-16,Bread,Fri,0,92.0,65.9,40.0,1,30.9,0.0,0,78
2027-07-17,Croissant,Sat,1,78.0,66.7,70.0,1,28.4,0.0,0,110
2027-07-18,Croissant,Sun,1,110.0,76.4,70.0,0,20.0,1.5,0,110
2027-07-19,Bread,Mon,0,110.0,84.4,40.0,0,23.9,4.3,0,68
2027-07-20,Bread,Tue,0,68.0,85.0,40.0,0,34.0,0.0,0,58
2027-07-21,Pastry,Wed,0,58.0,83.4,60.0,1,26.3,0.4,0,80
2027-07-22,Croissant,Thu,0,80.0,85.1,70.0,0,21.7,0.0,0,94
2027-07-23,Pastry,Fri,0,94.0,85.4,60.0,1,32.0,,0,92
2027-07-24,Croissant,Sat,1,92.0,87.4,70.0,0,28.0,11.8,0,99
2027-07-25,Pastry,Sun,1,99.0,85.9,60.0,0,31.5,0.0,0,100
2027-07-26,Pastry,Mon,0,,84.4,60.0,0,28.9,3.3,0,87
2027-07-27,Bread,Tue,0,87.0,87.1,40.0,0,29.5,6.0,0,73
2027-07-28,Pastry,Wed,0,73.0,89.3,60.0,1,29.2,0.8,0,76
2027-07-29,Muffin,Thu,0,76.0,88.7,45.0,0,30.2,0.0,0,45
2027-07-30,Pastry,Fri,0,45.0,81.7,60.0,0,35.3,6.9,0,83
2027-07-31,Croissant,Sat,1,83.0,80.4,70.0,1,31.1,0.0,0,103
2027-08-01,Muffin,Sun,1,103.0,81.0,45.0,1,22.9,9.1,0,53
2027-08-02,Pastry,Mon,0,53.0,74.3,60.0,1,29.4,0.0,0,82
2027-08-03,Muffin,Tue,0,82.0,73.6,45.0,0,31.7,0.0,0,44
2027-08-04,Pastry,Wed,0,44.0,69.4,60.0,0,31.8,0.1,0,90
2027-08-05,Muffin,Thu,0,90.0,71.4,45.0,1,26.6,1.2,0,69
2027-08-06,Croissant,Fri,0,69.0,74.9,70.0,0,31.7,1.9,0,87
2027-08-07,Muffin,Sat,1,87.0,75.4,45.0,0,31.0,3.7,0,55
2027-08-08,Croissant,Sun,1,55.0,68.6,70.0,1,36.0,2.2,0,119
2027-08-09,Croissant,Mon,0,119.0,78.0,70.0,0,25.6,11.0,0,95
2027-08-10,Pastry,Tue,0,95.0,79.9,60.0,0,26.4,1.1,0,83
2027-08-11,Croissant,Wed,0,83.0,85.4,70.0,1,27.0,2.4,0,107
2027-08-12,Croissant,Thu,0,107.0,87.9,70.0,0,26.4,2.1,0,108
2027-08-13,Croissant,Fri,0,108.0,93.4,70.0,0,25.2,0.0,0,104
2027-08-14,Bread,Sat,1,104.0,95.9,40.0,0,20.0,0.0,0,61
2027-08-15,Pastry,Sun,1,61.0,96.7,60.0,0,26.6,1.5,0,91
2027-08-16,Muffin,Mon,0,91.0,92.7,45.0,0,29.2,2.9,0,50
2027-08-17,Pastry,Tue,0,50.0,86.3,60.0,1,26.4,0.0,0,90
2027-08-18,Muffin,Wed,0,90.0,87.3,45.0,1,34.2,11.4,0,64
2027-08-19,Pastry,Thu,0,64.0,81.1,60.0,0,28.0,3.2,0,78
2027-08-20,Pastry,Fri,0,78.0,76.9,60.0,0,32.1,1.3,0,82
2027-08-21,Bread,Sat,1,82.0,73.7,40.0,1,28.8,3.0,0,83
2027-08-22,Pastry,Sun,1,83.0,76.9,60.0,0,30.6,0.0,0,73
2027-08-23,Croissant,Mon,0,73.0,74.3,70.0,0,28.9,1.9,0,92
2027-08-24,Croissant,Tue,0,92.0,80.3,70.0,0,32.4,2.5,0,91
2027-08-25,Bread,Wed,0,91.0,80.4,40.0,0,28.2,7.0,0,52
2027-08-26,Pastry,Thu,0,52.0,78.7,60.0,0,29.6,0.9,0,88
2027-08-27,Croissant,Fri,0,88.0,80.1,70.0,0,29.2,0.0,0,99
2027-08-28,Muffin,Sat,1,99.0,82.6,45.0,0,27.1,0.0,0,51
2027-08-29,Muffin,Sun,1,51.0,78.0,45.0,0,29.3,0.7,0,43
2027-08-30,Muffin,Mon,0,43.0,73.7,45.0,0,35.2,0.0,0,45
2027-08-31,Pastry,Tue,0,45.0,67.0,60.0,0,27.1,0.0,0,82
2027-09-01,Bread,Wed,0,82.0,65.7,40.0,0,29.3,0.0,0,56
2027-09-02,Croissant,Thu,0,56.0,66.3,70.0,0,32.0,0.5,0,93
2027-09-03,Pastry,Fri,0,93.0,67.0,60.0,0,31.6,3.1,0,88
2027-09-04,Bread,Sat,1,88.0,65.4,40.0,0,28.0,0.4,0,55
2027-09-05,Croissant,Sun,1,55.0,66.0,70.0,0,20.4,3.4,0,92
2027-09-06,Croissant,Mon,0,92.0,73.0,70.0,0,29.7,1.3,0,91
2027-09-07,Bread,Tue,0,91.0,79.6,40.0,1,20.9,0.0,0,71
2027-09-08,Bread,Wed,0,71.0,78.0,40.0,0,32.7,2.6,0,60
2027-09-09,Bread,Thu,0,60.0,78.6,40.0,1,28.5,2.0,0,73
2027-09-10,Muffin,Fri,0,73.0,75.7,45.0,1,31.2,3.6,0,69
2027-09-11,Muffin,Sat,1,69.0,73.0,45.0,0,25.1,4.6,0,43
2027-09-12,Croissant,Sun,1,43.0,71.3,70.0,0,23.0,7.2,0,94
2027-09-13,Bread,Mon,0,94.0,71.6,40.0,1,28.8,3.3,0,91
2027-09-14,Bread,Tue,0,91.0,71.6,40.0,0,27.9,1.9,0,58
2027-09-15,Pastry,Wed,0,58.0,69.7,60.0,0,26.4,3.6,0,89
2027-09-16,Pastry,Thu,0,89.0,73.9,60.0,0,28.3,0.2,0,80
2027-09-17,Croissant,Fri,0,80.0,74.9,70.0,0,36.0,0.0,0,112
2027-09-18,Croissant,Sat,1,112.0,81.0,70.0,0,30.7,8.2,0,109
2027-09-19,Bread,Sun,1,109.0,90.4,40.0,1,31.4,0.0,0,91
2027-09-20,Bread,Mon,0,91.0,90.0,40.0,1,30.7,0.0,0,77
2027-09-21,Croissant,Tue,0,77.0,88.0,70.0,0,32.7,3.3,0,90
2027-09-22,Pastry,Wed,0,90.0,92.6,60.0,1,27.4,0.2,0,93
2027-09-23,Croissant,Thu,0,93.0,93.1,70.0,0,21.4,4.5,0,97
2027-09-24,Muffin,Fri,0,97.0,95.6,45.0,1,27.4,6.7,0,54
2027-09-25,Croissant,Sat,1,54.0,87.3,70.0,0,30.6,0.0,0,98
2027-09-26,Pastry,Sun,1,98.0,85.7,60.0,1,24.9,3.8,0,96
2027-09-27,Muffin,Mon,0,96.0,86.4,45.0,1,27.4,0.0,0,63
2027-09-28,Pastry,Tue,0,63.0,84.4,60.0,0,25.8,0.7,0,86
2027-09-29,Pastry,Wed,0,86.0,83.9,60.0,0,32.8,2.4,0,77
2027-09-30,Muffin,Thu,0,77.0,81.6,45.0,1,30.4,0.0,0,50
2027-10-01,Bread,Fri,0,50.0,74.9,40.0,0,30.1,2.0,0,63
2027-10-02,Croissant,Sat,1,63.0,76.1,70.0,0,30.0,0.9,0,113
2027-10-03,Bread,Sun,1,113.0,78.3,40.0,1,27.9,4.6,0,94
2027-10-04,Bread,Mon,0,94.0,78.0,40.0,0,28.6,4.6,0,53
2027-10-05,Bread,Tue,0,53.0,76.6,40.0,0,24.2,0.1,0,56
2027-10-06,Bread,Wed,0,56.0,72.3,40.0,0,21.0,2.5,0,47
2027-10-07,Croissant,Thu,0,47.0,68.0,70.0,0,28.5,5.5,0,86
2027-10-08,Croissant,Fri,0,86.0,73.1,70.0,1,29.0,0.0,0,119
2027-10-09,Muffin,Sat,1,119.0,81.1,45.0,0,31.9,0.9,0,45
2027-10-10,Croissant,Sun,1,45.0,71.4,70.0,0,33.0,2.3,0,87
2027-10-11,Croissant,Mon,0,87.0,70.4,70.0,0,33.0,0.0,0,90
2027-10-12,Bread,Tue,0,90.0,75.7,40.0,1,24.8,0.3,0,76
2027-10-13,Croissant,Wed,0,76.0,78.6,70.0,0,26.9,9.9,0,94
2027-10-14,Muffin,Thu,0,94.0,85.3,45.0,1,29.5,0.0,0,60
2027-10-15,Croissant,Fri,0,60.0,81.6,70.0,1,36.0,0.2,0,118
2027-10-16,Pastry,Sat,1,118.0,81.4,60.0,1,32.7,3.2,0,91
2027-10-17,Pastry,Sun,1,91.0,88.0,60.0,1,31.6,0.0,0,112
2027-10-18,Muffin,Mon,0,112.0,91.6,45.0,1,26.8,1.0,0,54
2027-10-19,Croissant,Tue,0,54.0,86.4,70.0,1,25.2,0.0,0,107
2027-10-20,Muffin,Wed,0,107.0,90.9,45.0,0,30.5,2.0,0,35
2027-10-21,Muffin,Thu,0,35.0,82.4,45.0,1,24.5,1.6,0,47
2027-10-22,Muffin,Fri,0,47.0,80.6,45.0,0,27.2,2.4,0,39
2027-10-23,Croissant,Sat,1,39.0,69.3,70.0,0,27.6,0.3,0,106
2027-10-24,Muffin,Sun,1,106.0,71.4,45.0,1,33.1,0.5,0,54
2027-10-25,Croissant,Mon,0,54.0,63.1,70.0,1,26.9,0.1,0,102
2027-10-26,Pastry,Tue,0,102.0,70.0,60.0,1,20.2,0.9,0,79
2027-10-27,Muffin,Wed,0,79.0,66.0,45.0,0,29.6,8.3,0,43
2027-10-28,Muffin,Thu,0,43.0,67.1,45.0,0,25.8,4.8,0,41
2027-10-29,Muffin,Fri,0,41.0,66.3,45.0,0,28.1,0.9,0,47
2027-10-30,Pastry,Sat,1,47.0,67.4,60.0,0,27.7,0.3,0,79
2027-10-31,Croissant,Sun,1,79.0,63.6,70.0,0,27.1,4.3,0,106
2027-11-01,Muffin,Mon,0,106.0,71.0,45.0,0,30.5,1.8,0,56
2027-11-02,Croissant,Tue,0,56.0,64.4,70.0,0,23.1,0.0,0,74
2027-11-03,Muffin,Wed,0,74.0,63.7,45.0,1,26.3,0.6,0,56
2027-11-04,Croissant,Thu,0,56.0,65.6,70.0,0,30.2,7.5,0,97
2027-11-05,Croissant,Fri,0,97.0,73.6,70.0,1,26.0,3.1,0,102
2027-11-06,Croissant,Sat,1,102.0,81.4,70.0,0,22.9,0.3,0,91
2027-11-07,Pastry,Sun,1,91.0,83.1,60.0,0,30.1,0.0,0,97
2027-11-08,Croissant,Mon,0,97.0,81.9,70.0,0,31.6,2.0,0,87
2027-11-09,Muffin,Tue,0,87.0,86.3,45.0,0,27.9,1.3,0,41
2027-11-10,Muffin,Wed,0,41.0,81.6,45.0,1,21.7,0.8,0,46
2027-11-11,Muffin,Thu,0,46.0,80.1,45.0,0,30.3,4.3,0,44
2027-11-12,Pastry,Fri,0,44.0,72.6,60.0,0,22.7,3.1,0,66
2027-11-13,Pastry,Sat,1,66.0,67.4,60.0,1,29.0,0.0,0,92
2027-11-14,Pastry,Sun,1,92.0,67.6,60.0,1,25.2,1.4,0,98
2027-11-15,Croissant,Mon,0,98.0,67.7,70.0,0,24.3,0.0,0,100
2027-11-16,Muffin,Tue,0,100.0,69.6,45.0,0,26.6,0.1,0,61
2027-11-17,Pastry,Wed,0,61.0,72.4,60.0,0,27.4,0.0,0,65
2027-11-18,Muffin,Thu,0,65.0,75.1,45.0,0,25.9,0.0,0,41
2027-11-19,Bread,Fri,0,41.0,74.7,40.0,0,29.9,2.4,0,50
2027-11-20,Pastry,Sat,1,50.0,,60.0,0,26.6,2.1,0,90
2027-11-21,Croissant,Sun,1,90.0,72.1,70.0,1,31.1,1.1,0,108
2027-11-22,Pastry,Mon,0,108.0,73.6,60.0,0,28.9,0.0,0,77
2027-11-23,Muffin,Tue,0,77.0,70.3,45.0,0,25.8,0.0,0,35
2027-11-24,Pastry,Wed,0,35.0,66.6,60.0,0,25.2,0.1,0,72
2027-11-25,Muffin,Thu,0,72.0,67.6,45.0,1,22.7,2.1,0,51
2027-11-26,Croissant,Fri,0,51.0,69.0,70.0,0,28.9,2.0,0,94
2027-11-27,Pastry,Sat,1,94.0,75.3,60.0,1,26.9,7.3,0,97
2027-11-28,Muffin,Sun,1,97.0,76.3,45.0,1,20.4,6.3,0,46
2027-11-29,Muffin,Mon,0,46.0,67.4,45.0,0,26.3,1.3,0,42
2027-11-30,Muffin,Tue,0,42.0,62.4,45.0,0,25.1,0.1,0,35
2027-12-01,Croissant,Wed,0,35.0,62.4,70.0,0,33.0,0.0,0,100
2027-12-02,Bread,Thu,0,100.0,66.4,40.0,0,22.6,0.0,0,55
2027-12-03,Croissant,Fri,0,55.0,67.0,70.0,1,23.4,0.0,0,87
2027-12-04,Pastry,Sat,1,87.0,66.0,60.0,0,31.6,2.1,0,88
2027-12-05,Pastry,Sun,1,88.0,64.7,60.0,1,32.3,3.4,0,111
2027-12-06,Muffin,Mon,0,111.0,74.0,45.0,0,25.6,0.5,0,44
2027-12-07,Croissant,Tue,0,44.0,74.3,70.0,0,26.0,15.7,0,81
2027-12-08,Bread,Wed,0,81.0,80.9,40.0,0,,0.0,0,57
2027-12-09,Pastry,Thu,0,57.0,74.7,60.0,0,20.6,0.0,0,86
2027-12-10,Pastry,Fri,0,86.0,79.1,60.0,0,22.0,15.4,0,63
2027-12-11,Pastry,Sat,1,63.0,75.7,60.0,0,27.1,0.0,0,79
2027-12-12,Croissant,Sun,1,79.0,74.4,70.0,0,33.0,0.5,0,108
2027-12-13,Muffin,Mon,0,108.0,74.0,45.0,1,26.6,0.0,0,41
2027-12-14,Pastry,Tue,0,41.0,73.6,60.0,0,28.3,2.4,0,85
2027-12-15,Bread,Wed,0,85.0,74.1,40.0,1,31.6,0.3,0,82
2027-12-16,Bread,Thu,0,82.0,77.7,40.0,0,34.7,3.4,0,73
2027-12-17,Muffin,Fri,0,73.0,75.9,45.0,0,26.2,4.5,0,43
2027-12-18,Muffin,Sat,1,43.0,73.0,45.0,0,27.9,0.0,0,45
2027-12-19,Bread,Sun,1,45.0,68.1,40.0,0,33.8,0.0,0,62
2027-12-20,Bread,Mon,0,62.0,61.6,40.0,0,23.1,3.8,0,55
2027-12-21,Bread,Tue,0,55.0,63.6,40.0,0,31.3,5.5,0,52
2027-12-22,Pastry,Wed,0,52.0,58.9,60.0,1,24.7,1.7,0,89
2027-12-23,Pastry,Thu,0,89.0,59.9,60.0,0,28.3,2.6,0,85
2027-12-24,Bread,Fri,0,85.0,61.6,40.0,0,27.2,7.8,0,71
2027-12-25,Bread,Sat,1,71.0,65.6,40.0,0,24.9,0.3,0,70
2027-12-26,Muffin,Sun,1,70.0,69.1,45.0,0,24.9,1.7,0,53
2027-12-27,Pastry,Mon,0,53.0,67.9,60.0,0,28.9,6.3,0,72
2027-12-28,Bread,Tue,0,72.0,70.3,40.0,0,31.2,6.7,0,57
2027-12-29,Muffin,Wed,0,57.0,71.0,45.0,0,27.6,0.9,0,42
2027-12-30,Bread,Thu,0,42.0,64.3,40.0,0,28.2,0.0,0,55
2027-12-31,Bread,Fri,0,55.0,60.0,40.0,1,29.8,0.9,0,74
2028-01-01,Muffin,Sat,1,74.0,60.4,45.0,0,24.9,1.2,0,38
2028-01-02,Pastry,Sun,1,38.0,55.9,60.0,1,30.4,0.0,0,88
2028-01-03,Pastry,Mon,0,88.0,60.9,60.0,0,30.6,0.0,0,86
2028-01-04,Pastry,Tue,0,86.0,62.9,60.0,0,36.0,6.7,0,88
2028-01-05,Pastry,Wed,0,88.0,67.3,60.0,1,26.8,2.8,0,82
2028-01-06,Pastry,Thu,0,82.0,73.0,60.0,0,26.5,0.5,0,83
2028-01-07,Bread,Fri,0,83.0,77.0,40.0,1,30.5,0.0,0,72
2028-01-08,Croissant,Sat,1,72.0,76.7,70.0,0,30.6,0.0,0,102
2028-01-09,Pastry,Sun,1,102.0,85.9,60.0,0,26.3,0.0,0,100
2028-01-10,Bread,Mon,0,100.0,87.6,40.0,1,26.7,1.8,0,82
2028-01-11,Pastry,Tue,0,82.0,87.0,60.0,0,29.7,0.0,0,87
2028-01-12,Bread,Wed,0,87.0,86.9,40.0,0,25.4,2.1,0,77
2028-01-13,Pastry,Thu,0,77.0,86.1,60.0,0,26.7,3.8,0,71
2028-01-14,Pastry,Fri,0,71.0,84.4,60.0,0,28.3,2.1,0,70
2028-01-15,Croissant,Sat,1,70.0,84.1,70.0,1,31.2,0.2,0,109
2028-01-16,Croissant,Sun,1,109.0,85.1,70.0,0,26.1,0.0,0,101
2028-01-17,Pastry,Mon,0,101.0,85.3,60.0,0,22.1,0.0,0,59
2028-01-18,Pastry,Tue,0,59.0,82.0,60.0,1,21.9,6.1,0,82
2028-01-19,Croissant,Wed,0,82.0,81.3,70.0,0,24.0,2.0,0,86
2028-01-20,Bread,Thu,0,86.0,82.6,40.0,1,23.8,0.3,0,79
2028-01-21,Croissant,Fri,0,79.0,83.7,70.0,0,27.5,3.2,0,95
2028-01-22,Bread,Sat,1,95.0,87.3,40.0,0,24.2,5.1,0,64
2028-01-23,Muffin,Sun,1,64.0,80.9,45.0,1,25.8,0.0,0,64
2028-01-24,Muffin,Mon,0,64.0,75.6,45.0,0,25.5,1.9,0,44
2028-01-25,Croissant,Tue,0,44.0,73.4,70.0,0,26.6,1.9,0,82
2028-01-26,Muffin,Wed,0,82.0,73.4,45.0,0,32.2,7.5,0,38
2028-01-27,Bread,Thu,0,38.0,66.6,40.0,1,30.1,0.3,0,53
2028-01-28,Bread,Fri,0,53.0,62.9,40.0,1,28.1,0.0,0,63
2028-01-29,Muffin,Sat,1,63.0,58.3,45.0,0,26.5,2.2,0,40
2028-01-30,Bread,Sun,1,40.0,54.9,40.0,0,26.6,3.5,0,64
2028-01-31,Pastry,Mon,0,64.0,54.9,60.0,1,29.0,1.6,0,81
2028-02-01,Muffin,Tue,0,81.0,60.1,45.0,0,29.9,8.0,0,35
2028-02-02,Croissant,Wed,0,35.0,53.4,70.0,0,25.1,0.3,0,76
2028-02-03,Croissant,Thu,0,76.0,58.9,70.0,0,28.1,1.7,0,93
2028-02-04,Bread,Fri,0,93.0,64.6,40.0,0,21.5,0.0,0,63
2028-02-05,Muffin,Sat,1,63.0,64.6,45.0,1,28.7,0.0,0,63
2028-02-06,Pastry,Sun,1,63.0,67.9,60.0,1,30.4,0.0,0,98
2028-02-07,Muffin,Mon,0,98.0,72.7,45.0,1,27.1,0.7,0,42
2028-02-08,Bread,Tue,0,42.0,67.1,40.0,0,33.8,0.0,0,57
2028-02-09,Croissant,Wed,0,57.0,70.3,70.0,0,25.2,3.1,0,85
2028-02-10,Croissant,Thu,0,85.0,71.6,70.0,0,28.7,0.0,0,91
2028-02-11,Croissant,Fri,0,91.0,71.3,70.0,0,27.9,13.3,0,90
2028-02-12,Bread,Sat,1,90.0,75.1,40.0,0,27.7,0.0,0,83
2028-02-13,Pastry,Sun,1,83.0,78.0,60.0,0,27.6,1.4,0,93
2028-02-14,Pastry,Mon,0,93.0,77.3,60.0,0,28.3,1.0,0,72
2028-02-15,Bread,Tue,0,72.0,81.6,40.0,0,30.7,0.0,0,69
2028-02-16,Pastry,Wed,0,69.0,83.3,60.0,1,32.4,0.7,0,98
2028-02-17,Muffin,Thu,0,98.0,85.1,45.0,0,28.0,0.6,0,37
2028-02-18,Muffin,Fri,0,37.0,77.4,45.0,0,30.6,4.5,0,44
2028-02-19,Pastry,Sat,1,44.0,70.9,60.0,1,25.8,2.4,0,92
2028-02-20,Muffin,Sun,1,92.0,72.1,45.0,1,30.5,3.0,0,52
2028-02-21,Muffin,Mon,0,52.0,66.3,45.0,1,25.6,4.3,0,51
2028-02-22,Croissant,Tue,0,51.0,63.3,70.0,0,31.5,3.1,0,92
2028-02-23,Croissant,Wed,0,92.0,66.6,70.0,1,35.1,1.8,0,108
2028-02-24,Pastry,Thu,0,108.0,68.0,60.0,0,27.6,0.0,0,81
2028-02-25,Croissant,Fri,0,81.0,74.3,70.0,0,21.0,1.6,0,83
2028-02-26,Croissant,Sat,1,83.0,79.9,70.0,0,26.2,0.0,0,105
2028-02-27,Muffin,Sun,1,105.0,81.7,45.0,0,31.9,0.8,0,54
2028-02-28,Bread,Mon,0,54.0,82.0,40.0,0,29.8,0.5,0,63
2028-02-29,Bread,Tue,0,63.0,83.7,40.0,0,28.8,0.7,0,64
2028-03-01,Muffin,Wed,0,64.0,79.7,45.0,1,31.2,0.0,0,45
2028-03-02,Croissant,Thu,0,45.0,70.7,70.0,0,29.6,0.1,0,83
2028-03-03,Bread,Fri,0,83.0,71.0,40.0,0,31.9,5.6,0,45
2028-03-04,Bread,Sat,1,45.0,65.6,40.0,0,30.9,1.3,0,72
2028-03-05,Muffin,Sun,1,72.0,60.9,45.0,0,32.9,5.1,0,40
2028-03-06,Muffin,Mon,0,40.0,58.9,45.0,0,29.1,0.0,0,39
2028-03-07,Croissant,Tue,0,39.0,55.4,70.0,0,30.9,0.1,0,93
2028-03-08,Muffin,Wed,0,93.0,59.6,45.0,0,27.0,14.0,0,41
2028-03-09,Muffin,Thu,0,41.0,59.0,45.0,1,26.1,0.0,0,38
2028-03-10,Bread,Fri,0,38.0,52.6,40.0,1,33.5,3.0,0,71
2028-03-11,Bread,Sat,1,71.0,56.3,40.0,0,28.7,3.0,0,81
2028-03-12,Pastry,Sun,1,81.0,57.6,60.0,0,30.6,2.5,0,101
2028-03-13,Bread,Mon,0,101.0,66.3,40.0,1,28.4,3.0,0,83
2028-03-14,Muffin,Tue,0,83.0,72.6,45.0,1,26.1,0.0,0,55
2028-03-15,Muffin,Wed,0,55.0,67.1,45.0,0,28.0,0.2,0,31
2028-03-16,Croissant,Thu,0,31.0,65.7,70.0,1,32.6,7.7,0,106
2028-03-17,Pastry,Fri,0,106.0,75.4,60.0,1,29.8,3.0,0,92
2028-03-18,Pastry,Sat,1,92.0,78.4,60.0,1,22.5,0.0,0,102
2028-03-19,Pastry,Sun,1,102.0,81.4,60.0,0,27.3,0.0,0,84
2028-03-20,Croissant,Mon,0,84.0,79.0,70.0,0,33.7,5.7,0,94
2028-03-21,Muffin,Tue,0,94.0,80.6,45.0,0,27.3,0.0,0,44
2028-03-22,Bread,Wed,0,44.0,79.0,40.0,0,22.2,0.0,0,58
2028-03-23,Pastry,Thu,0,58.0,82.9,60.0,0,34.1,0.0,0,85
2028-03-24,Bread,Fri,0,85.0,79.9,40.0,0,30.2,3.8,0,59
2028-03-25,Croissant,Sat,1,59.0,75.1,70.0,0,27.8,5.1,0,86
2028-03-26,Bread,Sun,1,86.0,72.9,40.0,0,26.8,0.5,0,83
2028-03-27,Croissant,Mon,0,83.0,72.7,70.0,1,31.5,5.1,0,126
2028-03-28,Croissant,Tue,0,126.0,77.3,70.0,0,26.3,2.2,0,100
2028-03-29,Pastry,Wed,0,100.0,85.3,60.0,0,31.7,0.0,0,73
2028-03-30,Croissant,Thu,0,73.0,87.4,70.0,1,29.7,7.2,0,97
2028-03-31,Pastry,Fri,0,97.0,89.1,60.0,1,28.8,0.0,0,98
2028-04-01,Croissant,Sat,1,98.0,94.7,70.0,1,28.5,0.7,0,127
2028-04-02,Bread,Sun,1,127.0,100.6,40.0,1,27.4,0.6,0,78
2028-04-03,Bread,Mon,0,78.0,99.9,40.0,1,31.3,0.2,0,77
2028-04-04,Pastry,Tue,0,77.0,92.9,60.0,0,25.2,0.0,0,79
2028-04-05,Muffin,Wed,0,79.0,89.9,45.0,0,22.8,11.6,0,42
2028-04-06,Bread,Thu,0,42.0,85.4,40.0,0,30.0,0.0,0,58
2028-04-07,Croissant,Fri,0,58.0,79.9,70.0,0,30.0,7.6,0,77
2028-04-08,Pastry,Sat,1,77.0,76.9,60.0,1,29.5,0.0,0,105
2028-04-09,Muffin,Sun,1,105.0,73.7,45.0,0,29.3,0.0,0,62
2028-04-10,Bread,Mon,0,62.0,71.4,40.0,0,27.0,6.9,0,57
2028-04-11,Muffin,Tue,0,57.0,68.6,45.0,0,30.5,2.6,0,43
2028-04-12,Muffin,Wed,0,43.0,63.4,45.0,0,27.9,0.0,0,34
2028-04-13,Croissant,Thu,0,34.0,62.3,70.0,0,26.4,0.0,0,80
2028-04-14,Bread,Fri,0,80.0,65.4,40.0,0,27.0,2.0,0,69
2028-04-15,Bread,Sat,1,69.0,64.3,40.0,1,34.5,0.0,0,88
2028-04-16,Pastry,Sun,1,88.0,61.9,60.0,0,22.4,2.8,0,87
2028-04-17,Muffin,Mon,0,87.0,65.4,45.0,1,29.6,3.2,0,66
2028-04-18,Bread,Tue,0,66.0,66.7,40.0,0,22.6,0.0,0,49
2028-04-19,Pastry,Wed,0,49.0,67.6,60.0,0,27.7,0.0,0,71
2028-04-20,Pastry,Thu,0,71.0,72.9,60.0,0,26.6,2.2,0,78
2028-04-21,Croissant,Fri,0,78.0,72.6,70.0,1,21.3,0.0,0,96
2028-04-22,Pastry,Sat,1,96.0,76.4,60.0,0,29.2,1.3,0,95
2028-04-23,Bread,Sun,1,95.0,77.4,40.0,1,26.8,14.8,0,77
2028-04-24,Croissant,Mon,0,77.0,76.0,70.0,0,21.3,2.3,0,80
2028-04-25,Croissant,Tue,0,80.0,78.0,70.0,0,30.7,0.2,0,95
2028-04-26,Pastry,Wed,0,95.0,84.6,60.0,1,32.6,12.7,0,93
2028-04-27,Croissant,Thu,0,93.0,87.7,70.0,0,32.8,4.1,0,104
2028-04-28,Croissant,Fri,0,104.0,91.4,70.0,0,29.1,0.0,0,100
2028-04-29,Croissant,Sat,1,100.0,92.0,70.0,1,28.1,0.0,0,120
2028-04-30,Muffin,Sun,1,120.0,95.6,45.0,0,32.3,0.0,0,60
2028-05-01,Pastry,Mon,0,60.0,93.1,60.0,0,33.4,2.1,0,79
2028-05-02,Bread,Tue,0,79.0,93.0,40.0,0,31.6,12.7,0,55
2028-05-03,Pastry,Wed,0,55.0,87.3,60.0,0,25.0,0.4,0,77
2028-05-04,Pastry,Thu,0,77.0,85.0,60.0,1,28.6,4.5,0,87
2028-05-05,Croissant,Fri,0,87.0,82.6,70.0,1,29.4,0.3,0,120
2028-05-06,Croissant,Sat,1,120.0,85.4,70.0,0,22.2,2.0,0,112
2028-05-07,Bread,Sun,1,112.0,84.3,40.0,1,29.5,0.7,0,92
2028-05-08,Pastry,Mon,0,92.0,88.9,60.0,0,35.3,1.2,0,88
2028-05-09,Pastry,Tue,0,88.0,90.1,60.0,0,30.0,6.2,0,79
2028-05-10,Bread,Wed,0,79.0,93.6,40.0,0,32.7,9.5,0,53
2028-05-11,Muffin,Thu,0,53.0,90.1,45.0,1,28.6,8.8,0,47
2028-05-12,Muffin,Fri,0,47.0,84.4,45.0,0,27.8,25.0,0,31
2028-05-13,Croissant,Sat,1,31.0,71.7,70.0,0,29.2,0.0,0,99
2028-05-14,Bread,Sun,1,99.0,69.9,40.0,0,25.4,2.4,0,74
2028-05-15,Croissant,Mon,0,74.0,67.3,70.0,1,24.9,0.0,0,110
2028-05-16,Bread,Tue,0,110.0,70.4,40.0,0,32.1,5.9,0,60
2028-05-17,Croissant,Wed,0,60.0,67.7,70.0,0,32.4,0.0,0,88
2028-05-18,Bread,Thu,0,88.0,72.7,40.0,1,24.8,6.3,0,83
2028-05-19,Croissant,Fri,0,83.0,77.9,70.0,0,31.1,1.7,0,101
2028-05-20,Muffin,Sat,1,101.0,87.9,45.0,0,27.7,0.9,0,49
2028-05-21,Pastry,Sun,1,49.0,80.7,60.0,0,29.1,1.2,0,84
2028-05-22,Croissant,Mon,0,84.0,82.1,70.0,0,29.5,0.0,0,94
2028-05-23,Croissant,Tue,0,94.0,79.9,70.0,0,31.2,0.0,0,97
2028-05-24,Croissant,Wed,0,97.0,85.1,70.0,1,28.3,1.8,0,111
2028-05-25,Muffin,Thu,0,111.0,88.4,45.0,0,32.5,1.7,0,68
2028-05-26,Bread,Fri,0,68.0,86.3,40.0,0,29.0,0.0,0,64
2028-05-27,Muffin,Sat,1,64.0,81.0,45.0,1,30.0,0.4,0,67
2028-05-28,Muffin,Sun,1,67.0,83.6,45.0,0,25.3,2.7,0,33
2028-05-29,Pastry,Mon,0,33.0,76.3,60.0,0,34.9,0.0,0,75
2028-05-30,Pastry,Tue,0,75.0,73.6,60.0,1,29.5,0.0,0,101
2028-05-31,Croissant,Wed,0,101.0,74.1,70.0,0,30.3,8.0,0,97
2028-06-01,Croissant,Thu,0,97.0,72.1,70.0,1,,2.0,0,68
2028-06-02,Pastry,Fri,0,68.0,72.1,60.0,1,25.4,0.0,0,93
2028-06-03,Croissant,Sat,1,93.0,76.3,70.0,0,32.0,0.0,0,120
2028-06-04,Muffin,Sun,1,120.0,83.9,45.0,0,28.9,0.0,0,39
2028-06-05,Muffin,Mon,0,39.0,84.7,45.0,0,21.9,5.9,0,44
2028-06-06,Pastry,Tue,0,44.0,80.3,60.0,0,31.3,0.0,0,55
2028-06-07,Croissant,Wed,0,55.0,73.7,70.0,0,26.3,2.4,0,96
2028-06-08,Muffin,Thu,0,96.0,73.6,45.0,0,32.5,2.4,0,45
2028-06-09,Pastry,Fri,0,45.0,70.3,60.0,1,27.7,3.9,0,67
2028-06-10,Pastry,Sat,1,67.0,66.6,60.0,1,28.7,0.2,0,101
2028-06-11,Muffin,Sun,1,101.0,63.9,45.0,1,31.8,7.4,0,72
2028-06-12,Bread,Mon,0,72.0,68.6,40.0,0,25.1,4.0,0,61
2028-06-13,Croissant,Tue,0,61.0,71.0,70.0,0,24.8,0.1,0,94
2028-06-14,Pastry,Wed,0,94.0,76.6,60.0,0,27.4,0.0,0,77
2028-06-15,Muffin,Thu,0,77.0,73.9,45.0,0,30.6,0.8,0,28
2028-06-16,Croissant,Fri,0,28.0,71.4,70.0,1,23.7,0.1,0,103
2028-06-17,Bread,Sat,1,103.0,76.6,40.0,0,22.7,0.0,0,84
2028-06-18,Croissant,Sun,1,84.0,74.1,70.0,0,30.6,1.3,0,112
2028-06-19,Bread,Mon,0,112.0,79.9,40.0,1,26.1,0.4,0,61
2028-06-20,Pastry,Tue,0,61.0,79.9,60.0,0,26.7,9.2,0,61
2028-06-21,Bread,Wed,0,61.0,75.1,40.0,0,22.1,0.0,0,50
2028-06-22,Bread,Thu,0,50.0,71.3,40.0,0,25.8,0.0,0,45
2028-06-23,Croissant,Fri,0,45.0,73.7,70.0,0,28.0,1.1,0,90
2028-06-24,Muffin,Sat,1,90.0,71.9,45.0,1,31.0,1.9,0,67
2028-06-25,Muffin,Sun,1,67.0,69.4,45.0,0,25.5,2.2,0,34
2028-06-26,Bread,Mon,0,34.0,58.3,40.0,1,33.3,2.1,0,78
2028-06-27,Pastry,Tue,0,78.0,60.7,60.0,1,25.8,1.2,0,93
2028-06-28,Croissant,Wed,0,93.0,65.3,70.0,1,25.8,1.0,0,100
2028-06-29,Croissant,Thu,0,100.0,72.4,70.0,0,32.9,3.2,0,95
2028-06-30,Bread,Fri,0,95.0,79.6,40.0,0,28.7,0.0,0,49
2028-07-01,Bread,Sat,1,49.0,73.7,40.0,1,26.2,0.0,0,76
2028-07-02,Muffin,Sun,1,76.0,75.0,45.0,0,27.5,0.0,0,49
2028-07-03,Pastry,Mon,0,49.0,77.1,60.0,0,32.3,0.0,0,80
2028-07-04,Croissant,Tue,0,80.0,77.4,70.0,1,32.7,5.2,0,109
2028-07-05,Pastry,Wed,0,109.0,79.7,60.0,0,25.4,3.0,0,81
2028-07-06,Pastry,Thu,0,81.0,77.0,60.0,1,27.9,10.3,0,85
2028-07-07,Bread,Fri,0,85.0,75.6,40.0,1,28.3,8.1,0,75
2028-07-08,Croissant,Sat,1,75.0,79.3,70.0,1,24.8,3.1,0,118
2028-07-09,Bread,Sun,1,118.0,85.3,40.0,0,27.8,1.5,0,73
2028-07-10,Muffin,Mon,0,73.0,88.7,45.0,1,28.0,1.2,0,56
2028-07-11,Bread,Tue,0,56.0,85.3,40.0,0,31.6,0.0,0,61
2028-07-12,Muffin,Wed,0,61.0,78.4,45.0,1,31.9,0.9,0,49
2028-07-13,Muffin,Thu,0,49.0,73.9,45.0,1,26.9,0.0,0,54
2028-07-14,Muffin,Fri,0,54.0,69.4,45.0,1,27.3,0.0,0,46
2028-07-15,Bread,Sat,1,46.0,65.3,40.0,0,30.1,2.4,0,70
2028-07-16,Pastry,Sun,1,70.0,58.4,60.0,0,26.1,0.6,0,84
2028-07-17,Bread,Mon,0,84.0,60.0,40.0,0,29.9,1.4,0,60
2028-07-18,Bread,Tue,0,60.0,60.6,40.0,0,27.7,0.0,0,57
2028-07-19,Croissant,Wed,0,57.0,60.0,70.0,0,24.9,4.2,0,83
2028-07-20,Croissant,Thu,0,83.0,64.9,70.0,0,24.9,0.0,0,78
2028-07-21,Pastry,Fri,0,78.0,68.3,60.0,0,32.6,2.2,0,83
2028-07-22,Bread,Sat,1,83.0,73.6,40.0,1,27.5,0.2,0,84
2028-07-23,Croissant,Sun,1,84.0,75.6,70.0,1,33.2,0.0,0,123
2028-07-24,Muffin,Mon,0,123.0,81.1,45.0,0,26.4,2.6,0,40
2028-07-25,Bread,Tue,0,40.0,78.3,40.0,1,28.9,0.7,0,86
2028-07-26,Croissant,Wed,0,86.0,82.4,70.0,0,35.7,0.0,0,96
2028-07-27,Pastry,Thu,0,96.0,84.3,60.0,0,24.6,0.0,0,72
2028-07-28,Pastry,Fri,0,72.0,83.4,60.0,0,21.9,4.4,0,65
2028-07-29,Pastry,Sat,1,65.0,80.9,60.0,1,32.1,0.0,0,86
2028-07-30,Pastry,Sun,1,86.0,81.1,60.0,1,25.4,0.0,0,111
2028-07-31,Bread,Mon,0,111.0,79.4,40.0,1,27.9,11.2,0,85
2028-08-01,Muffin,Tue,0,85.0,85.9,45.0,1,26.1,2.7,0,57
2028-08-02,Bread,Wed,0,57.0,81.7,40.0,1,28.9,3.7,0,65
2028-08-03,Muffin,Thu,0,65.0,77.3,45.0,0,25.0,0.4,0,53
2028-08-04,Croissant,Fri,0,53.0,74.6,70.0,0,27.4,0.0,0,87
2028-08-05,Bread,Sat,1,87.0,77.7,40.0,0,29.4,1.6,0,70
2028-08-06,Pastry,Sun,1,70.0,75.4,60.0,1,24.8,0.0,0,108
2028-08-07,Croissant,Mon,0,108.0,75.0,70.0,0,25.8,0.0,0,100
2028-08-08,Croissant,Tue,0,100.0,77.1,70.0,0,26.9,1.3,0,112
2028-08-09,Bread,Wed,0,112.0,85.0,40.0,1,23.4,0.0,0,77
2028-08-10,Bread,Thu,0,77.0,86.7,40.0,0,26.6,1.0,0,58
2028-08-11,Croissant,Fri,0,58.0,87.4,70.0,1,28.4,0.0,0,99
2028-08-12,Pastry,Sat,1,99.0,89.1,60.0,0,26.7,0.9,0,74
2028-08-13,Croissant,Sun,1,74.0,89.7,70.0,1,27.1,0.0,0,111
2028-08-14,Croissant,Mon,0,111.0,90.1,70.0,1,27.9,0.9,0,118
2028-08-15,Croissant,Tue,0,118.0,92.7,70.0,0,25.9,7.5,0,99
2028-08-16,Muffin,Wed,0,99.0,90.9,45.0,1,30.2,3.8,0,56
2028-08-17,Pastry,Thu,0,56.0,87.9,60.0,0,32.6,0.7,0,72
2028-08-18,Muffin,Fri,0,72.0,89.9,45.0,0,26.5,6.3,0,40
2028-08-19,Pastry,Sat,1,40.0,81.4,60.0,0,29.6,2.3,0,92
2028-08-20,Croissant,Sun,1,92.0,84.0,70.0,1,27.2,5.9,0,116
2028-08-21,Pastry,Mon,0,116.0,84.7,60.0,0,29.2,0.0,0,85
2028-08-22,Bread,Tue,0,85.0,80.0,40.0,0,33.0,0.0,0,60
2028-08-23,Muffin,Wed,0,60.0,74.4,45.0,1,29.6,1.6,0,59
2028-08-24,Croissant,Thu,0,59.0,74.9,70.0,0,22.3,0.6,0,62
2028-08-25,Muffin,Fri,0,62.0,73.4,45.0,0,29.5,1.0,0,43
2028-08-26,Muffin,Sat,1,43.0,73.9,45.0,0,31.9,2.9,0,68
2028-08-27,Muffin,Sun,1,68.0,70.4,45.0,0,27.3,1.6,0,35
2028-08-28,Muffin,Mon,0,35.0,58.9,45.0,1,31.2,4.3,0,47
2028-08-29,Bread,Tue,0,47.0,53.4,40.0,0,25.8,4.1,0,55
2028-08-30,Pastry,Wed,0,55.0,52.7,60.0,0,23.2,,0,69
2028-08-31,Bread,Thu,0,69.0,54.1,40.0,1,28.5,0.0,0,81
2028-09-01,Muffin,Fri,0,81.0,56.9,45.0,0,22.4,0.0,0,41
2028-09-02,Muffin,Sat,1,41.0,56.6,45.0,1,27.2,,0,58
2028-09-03,Bread,Sun,1,58.0,55.1,40.0,0,32.1,1.2,0,76
2028-09-04,Muffin,Mon,0,76.0,61.0,45.0,1,21.9,1.1,0,49
2028-09-05,Pastry,Tue,0,49.0,61.3,60.0,1,23.9,0.5,0,110
2028-09-06,Muffin,Wed,0,110.0,69.1,45.0,1,24.7,2.4,0,55
2028-09-07,Bread,Thu,0,55.0,67.1,40.0,0,27.8,15.9,0,56
2028-09-08,Bread,Fri,0,56.0,63.6,40.0,0,26.8,0.4,0,45
2028-09-09,Bread,Sat,1,45.0,64.1,40.0,1,32.5,1.7,0,76
2028-09-10,Muffin,Sun,1,76.0,66.7,45.0,0,31.1,1.0,0,60
2028-09-11,Muffin,Mon,0,60.0,64.4,45.0,0,29.6,0.0,0,29
2028-09-12,Croissant,Tue,0,29.0,61.6,70.0,0,28.5,2.9,0,69
2028-09-13,Muffin,Wed,0,69.0,55.7,45.0,1,29.3,0.3,0,53
2028-09-14,Pastry,Thu,0,53.0,55.4,60.0,1,25.2,0.0,0,97
2028-09-15,Bread,Fri,0,97.0,61.3,40.0,0,30.7,0.0,0,66
2028-09-16,Bread,Sat,1,66.0,64.3,40.0,1,24.4,4.4,0,74
2028-09-17,Bread,Sun,1,74.0,64.0,40.0,0,30.7,2.8,0,55
2028-09-18,Croissant,Mon,0,55.0,63.3,70.0,0,31.8,0.0,0,96
2028-09-19,Croissant,Tue,0,96.0,72.9,70.0,0,28.7,2.3,0,100
2028-09-20,Bread,Wed,0,100.0,77.3,40.0,0,27.4,1.0,0,50
2028-09-21,Bread,Thu,0,50.0,76.9,40.0,0,29.3,1.8,0,69
2028-09-22,Muffin,Fri,0,69.0,72.9,45.0,1,20.0,0.0,0,54
2028-09-23,Bread,Sat,1,54.0,71.1,40.0,1,29.0,0.0,0,89
2028-09-24,Pastry,Sun,1,89.0,73.3,60.0,0,27.6,0.3,0,92
2028-09-25,Muffin,Mon,0,92.0,78.6,45.0,0,27.8,0.0,0,48
2028-09-26,Bread,Tue,0,48.0,71.7,40.0,0,30.3,0.0,0,65
2028-09-27,Croissant,Wed,0,65.0,66.7,70.0,1,27.8,0.0,0,110
2028-09-28,Muffin,Thu,0,110.0,75.3,45.0,1,24.4,0.0,0,40
2028-09-29,Bread,Fri,0,40.0,71.1,40.0,1,27.5,5.5,0,56
2028-09-30,Pastry,Sat,1,56.0,71.4,60.0,0,28.2,4.0,0,77
2028-10-01,Muffin,Sun,1,77.0,69.7,45.0,0,28.4,8.6,0,45
2028-10-02,Muffin,Mon,0,45.0,63.0,45.0,0,28.5,0.0,0,41
2028-10-03,Muffin,Tue,0,41.0,62.0,45.0,0,31.3,3.2,0,41
2028-10-04,Croissant,Wed,0,41.0,58.6,70.0,0,24.5,0.7,0,95
2028-10-05,Muffin,Thu,0,95.0,56.4,45.0,0,28.6,0.0,0,52
2028-10-06,Muffin,Fri,0,52.0,58.1,45.0,1,32.1,4.8,0,44
2028-10-07,Muffin,Sat,1,44.0,56.4,45.0,0,22.4,0.7,0,43
2028-10-08,Muffin,Sun,1,43.0,51.6,45.0,0,28.6,0.0,0,38
2028-10-09,Pastry,Mon,0,38.0,50.6,60.0,1,26.1,4.0,0,81
2028-10-10,Muffin,Tue,0,81.0,56.3,45.0,0,26.8,,0,42
2028-10-11,Pastry,Wed,0,42.0,56.4,60.0,1,25.1,1.3,0,57
2028-10-12,Pastry,Thu,0,57.0,51.0,60.0,0,27.5,0.0,0,94
2028-10-13,Croissant,Fri,0,94.0,57.0,70.0,1,33.9,1.7,0,113
2028-10-14,Muffin,Sat,1,113.0,66.9,45.0,0,24.0,7.5,0,43
2028-10-15,Croissant,Sun,1,43.0,66.9,70.0,0,24.3,2.0,0,110
2028-10-16,Pastry,Mon,0,110.0,77.1,60.0,1,23.8,0.0,0,89
2028-10-17,Muffin,Tue,0,89.0,78.3,45.0,0,33.5,2.3,0,46
2028-10-18,Croissant,Wed,0,46.0,78.9,70.0,0,,2.0,0,84
2028-10-19,Croissant,Thu,0,84.0,82.7,70.0,0,27.9,3.5,0,106
2028-10-20,Bread,Fri,0,106.0,84.4,40.0,0,26.7,1.9,0,63
2028-10-21,Croissant,Sat,1,63.0,77.3,70.0,1,25.0,0.0,0,111
2028-10-22,Bread,Sun,1,111.0,87.0,40.0,0,27.2,1.2,0,83
2028-10-23,Pastry,Mon,0,83.0,83.1,60.0,0,35.9,0.3,0,89
2028-10-24,Croissant,Tue,0,89.0,83.1,70.0,0,32.5,1.5,0,96
2028-10-25,Bread,Wed,0,96.0,90.3,40.0,1,25.3,5.0,0,82
2028-10-26,Croissant,Thu,0,82.0,90.0,70.0,0,30.1,0.0,0,116
2028-10-27,Bread,Fri,0,116.0,91.4,40.0,0,25.3,9.9,0,64
2028-10-28,Croissant,Sat,1,64.0,91.6,70.0,1,22.3,2.2,0,109
2028-10-29,Pastry,Sun,1,109.0,91.3,60.0,0,31.3,4.0,0,93
2028-10-30,Muffin,Mon,0,93.0,92.7,45.0,1,31.7,3.3,0,67
2028-10-31,Bread,Tue,0,67.0,89.6,40.0,0,31.3,2.1,0,58
2028-11-01,Bread,Wed,0,58.0,84.1,40.0,0,26.5,2.8,0,57
2028-11-02,Muffin,Thu,0,57.0,80.6,45.0,0,27.5,1.6,0,26
2028-11-03,Muffin,Fri,0,26.0,67.7,45.0,1,30.4,2.6,0,39
2028-11-04,Bread,Sat,1,39.0,64.1,40.0,0,29.3,0.0,0,63
2028-11-05,Muffin,Sun,1,63.0,57.6,45.0,0,26.7,2.5,0,45
2028-11-06,Muffin,Mon,0,45.0,50.7,45.0,0,22.8,2.2,0,47
2028-11-07,Pastry,Tue,0,47.0,47.9,60.0,0,28.4,3.9,0,77
2028-11-08,Pastry,Wed,0,77.0,50.6,60.0,0,31.5,4.0,0,71
2028-11-09,Pastry,Thu,0,71.0,52.6,60.0,0,24.2,6.6,0,67
2028-11-10,Bread,Fri,0,67.0,58.4,40.0,0,30.0,2.6,0,72
2028-11-11,Croissant,Sat,1,72.0,63.1,70.0,0,29.1,8.0,0,107
2028-11-12,Pastry,Sun,1,107.0,69.4,60.0,0,30.4,0.0,0,91
2028-11-13,Muffin,Mon,0,91.0,76.0,45.0,0,30.8,8.2,0,38
2028-11-14,Muffin,Tue,0,38.0,74.7,45.0,0,25.8,0.4,0,45
2028-11-15,Pastry,Wed,0,45.0,70.1,60.0,0,22.8,2.3,0,63
2028-11-16,Muffin,Thu,0,63.0,69.0,45.0,0,26.3,4.4,0,40
2028-11-17,Pastry,Fri,0,40.0,65.1,60.0,0,30.8,2.1,0,94
2028-11-18,Croissant,Sat,1,94.0,68.3,70.0,0,26.3,10.8,0,99
2028-11-19,Muffin,Sun,1,99.0,67.1,45.0,0,25.8,1.2,0,43
2028-11-20,Muffin,Mon,0,43.0,60.3,45.0,0,22.2,3.0,0,36
2028-11-21,Croissant,Tue,0,36.0,60.0,70.0,1,33.6,1.7,0,99
2028-11-22,Pastry,Wed,0,99.0,67.7,60.0,0,30.6,6.7,0,69
2028-11-23,Muffin,Thu,0,69.0,68.6,45.0,1,30.5,0.1,0,59
2028-11-24,Croissant,Fri,0,59.0,71.3,70.0,0,31.1,11.6,0,98
2028-11-25,Croissant,Sat,1,98.0,71.9,70.0,1,29.8,0.0,0,113
2028-11-26,Pastry,Sun,1,113.0,73.9,60.0,0,27.2,9.0,0,84
2028-11-27,Pastry,Mon,0,84.0,79.7,60.0,0,27.5,0.0,0,72
2028-11-28,Bread,Tue,0,72.0,84.9,40.0,0,26.6,3.1,0,59
2028-11-29,Muffin,Wed,0,59.0,79.1,45.0,1,36.0,1.0,0,52
2028-11-30,Pastry,Thu,0,52.0,76.7,60.0,0,29.8,4.3,0,68
2028-12-01,Bread,Fri,0,68.0,78.0,40.0,0,26.5,2.3,0,75
2028-12-02,Pastry,Sat,1,75.0,74.7,60.0,0,29.5,4.0,0,90
2028-12-03,Croissant,Sun,1,90.0,71.4,70.0,1,24.8,0.0,0,117
2028-12-04,Muffin,Mon,0,117.0,76.1,45.0,0,32.8,0.0,0,55
2028-12-05,Pastry,Tue,0,55.0,73.7,60.0,0,25.9,0.0,0,81
2028-12-06,Muffin,Wed,0,81.0,76.9,45.0,0,29.6,0.0,0,39
2028-12-07,Croissant,Thu,0,39.0,75.0,70.0,1,31.4,0.0,0,105
2028-12-08,Bread,Fri,0,105.0,80.3,40.0,0,29.2,0.0,0,64
2028-12-09,Pastry,Sat,1,64.0,78.7,60.0,0,28.3,0.0,0,89
2028-12-10,Pastry,Sun,1,89.0,78.6,60.0,1,28.0,1.0,0,102
2028-12-11,Bread,Mon,0,102.0,76.4,40.0,0,27.8,0.0,0,62
2028-12-12,Pastry,Tue,0,62.0,77.4,60.0,0,26.2,0.0,0,66
2028-12-13,Pastry,Wed,0,66.0,75.3,60.0,0,26.6,0.5,0,78
2028-12-14,Pastry,Thu,0,78.0,80.9,60.0,0,32.7,5.0,0,78
2028-12-15,Croissant,Fri,0,78.0,77.0,70.0,0,27.7,0.0,0,78
2028-12-16,Croissant,Sat,1,,79.0,70.0,0,25.5,0.9,0,103
2028-12-17,Bread,Sun,1,103.0,81.0,40.0,1,26.3,1.3,0,91
2028-12-18,Pastry,Mon,0,91.0,79.4,60.0,1,31.5,0.0,0,115
2028-12-19,Muffin,Tue,0,115.0,87.0,45.0,0,30.2,0.2,0,44
2028-12-20,Croissant,Wed,0,44.0,83.9,70.0,0,29.8,4.4,0,85
2028-12-21,Pastry,Thu,0,85.0,84.9,60.0,0,27.2,4.0,0,69
2028-12-22,Bread,Fri,0,69.0,83.6,40.0,1,29.8,0.0,0,77
2028-12-23,Muffin,Sat,1,77.0,83.4,45.0,0,25.9,0.8,0,50
2028-12-24,Croissant,Sun,1,50.0,75.9,70.0,0,27.2,3.0,0,90
2028-12-25,Bread,Mon,0,90.0,75.7,40.0,0,31.1,1.9,0,63
2028-12-26,Pastry,Tue,0,63.0,68.3,60.0,0,30.8,2.3,0,62
2028-12-27,Muffin,Wed,0,62.0,70.9,45.0,0,24.9,0.0,0,45
2028-12-28,Croissant,Thu,0,45.0,65.1,70.0,1,25.3,8.7,0,90
2028-12-29,Muffin,Fri,0,90.0,68.1,45.0,0,28.3,0.0,0,42
2028-12-30,Muffin,Sat,1,42.0,63.1,45.0,1,33.5,0.0,0,49
2028-12-31,Croissant,Sun,1,49.0,63.0,70.0,0,21.9,0.0,0,89
2029-01-01,Croissant,Mon,0,89.0,62.9,70.0,1,28.9,0.6,0,104
2029-01-02,Muffin,Tue,0,104.0,68.7,45.0,1,23.6,5.6,0,51
2029-01-03,Bread,Wed,0,51.0,67.1,40.0,1,26.0,1.9,0,73
2029-01-04,Pastry,Thu,0,73.0,71.1,60.0,0,26.8,0.8,0,89
2029-01-05,Croissant,Fri,0,89.0,71.0,70.0,0,26.7,3.7,0,98
2029-01-06,Bread,Sat,1,98.0,79.0,40.0,0,26.3,5.4,0,77
2029-01-07,Pastry,Sun,1,77.0,83.0,60.0,0,28.0,4.0,0,97
2029-01-08,Pastry,Mon,0,97.0,84.1,60.0,0,26.3,0.0,0,85
2029-01-09,Pastry,Tue,0,85.0,81.4,60.0,1,23.3,3.7,0,87
2029-01-10,Croissant,Wed,0,87.0,86.6,70.0,1,30.5,2.5,0,115
2029-01-11,Pastry,Thu,0,115.0,92.6,60.0,0,30.4,0.0,0,93
2029-01-12,Muffin,Fri,0,93.0,93.1,45.0,0,30.7,2.5,0,50
2029-01-13,Croissant,Sat,1,50.0,,70.0,1,23.1,5.6,0,94
2029-01-14,Croissant,Sun,1,94.0,88.7,70.0,1,29.0,0.0,0,109
2029-01-15,Croissant,Mon,0,109.0,90.4,70.0,0,30.2,4.4,0,94
2029-01-16,Muffin,Tue,0,94.0,91.7,45.0,0,24.7,2.0,0,47
2029-01-17,Muffin,Wed,0,47.0,86.0,45.0,1,28.0,1.0,0,50
2029-01-18,Pastry,Thu,0,50.0,76.7,60.0,0,27.6,1.9,0,84
2029-01-19,Muffin,Fri,0,84.0,75.4,45.0,0,33.9,0.3,0,56
2029-01-20,Croissant,Sat,1,56.0,76.3,70.0,1,34.2,2.1,0,123
2029-01-21,Bread,Sun,1,123.0,80.4,40.0,1,22.7,0.7,0,93
2029-01-22,Pastry,Mon,0,93.0,78.1,60.0,1,36.0,13.7,0,84
2029-01-23,Croissant,Tue,0,84.0,76.7,70.0,1,25.1,0.2,0,108
2029-01-24,Bread,Wed,0,108.0,85.4,40.0,0,31.1,0.0,0,63
2029-01-25,Bread,Thu,0,63.0,87.3,40.0,0,31.1,4.1,0,49
2029-01-26,Pastry,Fri,0,49.0,82.3,60.0,0,24.8,0.4,0,72
2029-01-27,Pastry,Sat,1,72.0,84.6,60.0,0,29.6,0.8,0,98
2029-01-28,Bread,Sun,1,98.0,81.0,40.0,0,27.7,0.6,0,76
2029-01-29,Pastry,Mon,0,76.0,78.6,60.0,0,29.8,3.8,0,95
2029-01-30,Croissant,Tue,0,95.0,80.1,70.0,0,28.7,0.0,0,97
2029-01-31,Bread,Wed,0,97.0,78.6,40.0,1,31.8,4.3,0,97
2029-02-01,Muffin,Thu,0,97.0,83.4,45.0,0,28.2,2.8,0,44
2029-02-02,Bread,Fri,0,44.0,82.7,40.0,0,27.5,9.9,0,56
2029-02-03,Bread,Sat,1,56.0,80.4,40.0,0,31.5,1.6,0,60
2029-02-04,Muffin,Sun,1,60.0,75.0,45.0,0,29.9,0.0,0,58
2029-02-05,Muffin,Mon,0,58.0,72.4,45.0,1,30.3,1.6,0,48
2029-02-06,Pastry,Tue,0,48.0,65.7,60.0,0,25.9,2.0,0,68
2029-02-07,Bread,Wed,0,68.0,61.6,40.0,0,24.7,6.1,0,67
2029-02-08,Croissant,Thu,0,67.0,57.3,70.0,1,26.2,0.0,0,111
2029-02-09,Muffin,Fri,0,111.0,66.9,45.0,0,26.0,0.0,0,52
2029-02-10,Muffin,Sat,1,52.0,66.3,45.0,0,30.5,1.7,0,44
2029-02-11,Croissant,Sun,1,44.0,64.0,70.0,0,31.1,10.4,0,95
2029-02-12,Croissant,Mon,0,95.0,69.3,70.0,0,27.5,3.4,0,92
2029-02-13,Bread,Tue,0,92.0,75.6,40.0,0,32.6,3.7,0,72
2029-02-14,Muffin,Wed,0,72.0,76.1,45.0,0,32.4,0.0,0,56
2029-02-15,Muffin,Thu,0,56.0,74.6,45.0,0,28.8,1.2,0,42
2029-02-16,Pastry,Fri,0,42.0,64.7,60.0,0,25.4,6.3,0,87
2029-02-17,Bread,Sat,1,87.0,69.7,40.0,0,33.0,2.1,0,80
2029-02-18,Bread,Sun,1,80.0,74.9,40.0,0,27.8,0.0,0,69
2029-02-19,Muffin,Mon,0,69.0,71.1,45.0,1,28.4,1.1,0,59
2029-02-20,Bread,Tue,0,59.0,66.4,40.0,0,26.9,3.1,0,72
2029-02-21,Croissant,Wed,0,72.0,66.4,70.0,0,25.2,3.7,0,105
2029-02-22,Pastry,Thu,0,105.0,73.4,60.0,0,23.3,5.8,0,86
2029-02-23,Bread,Fri,0,86.0,79.7,40.0,0,30.0,2.2,0,64
2029-02-24,Muffin,Sat,1,64.0,76.4,45.0,0,25.5,2.6,0,44
2029-02-25,Bread,Sun,1,44.0,71.3,40.0,1,36.0,0.1,0,88
2029-02-26,Bread,Mon,0,88.0,74.0,40.0,1,24.5,2.4,0,86
2029-02-27,Croissant,Tue,0,86.0,77.9,70.0,0,24.0,1.1,0,95
2029-02-28,Croissant,Wed,0,95.0,81.1,70.0,0,29.6,0.0,0,100
2029-03-01,Croissant,Thu,0,100.0,80.4,70.0,1,32.9,11.5,0,107
2029-03-02,Croissant,Fri,0,107.0,83.4,70.0,0,28.2,0.0,0,94
2029-03-03,Croissant,Sat,1,94.0,87.7,70.0,0,29.8,1.3,0,103
2029-03-04,Croissant,Sun,1,103.0,96.1,70.0,0,22.1,1.1,0,102
2029-03-05,Muffin,Mon,0,102.0,98.1,45.0,0,25.8,1.6,0,57
2029-03-06,Muffin,Tue,0,57.0,94.0,45.0,1,24.6,10.7,0,45
2029-03-07,Bread,Wed,0,45.0,86.9,40.0,0,21.9,,0,55
2029-03-08,Pastry,Thu,0,55.0,80.4,60.0,1,28.4,0.0,0,82
2029-03-09,Muffin,Fri,0,82.0,76.9,45.0,0,20.8,7.7,0,41
2029-03-10,Croissant,Sat,1,41.0,69.3,70.0,0,23.8,3.8,0,104
2029-03-11,Pastry,Sun,1,104.0,69.4,60.0,0,26.3,0.0,0,101
2029-03-12,Pastry,Mon,0,101.0,69.3,60.0,0,25.3,6.6,0,78
2029-03-13,Muffin,Tue,0,78.0,72.3,45.0,0,29.3,0.0,0,47
2029-03-14,Bread,Wed,0,47.0,72.6,40.0,0,29.0,0.0,0,59
2029-03-15,Muffin,Thu,0,59.0,73.1,45.0,0,30.9,0.0,0,45
2029-03-16,Croissant,Fri,0,45.0,67.9,70.0,1,30.4,0.0,0,105
2029-03-17,Pastry,Sat,1,105.0,77.0,60.0,0,31.7,6.1,0,90
2029-03-18,Pastry,Sun,1,90.0,75.0,60.0,0,28.0,1.7,0,88
2029-03-19,Bread,Mon,0,88.0,73.1,40.0,0,29.0,0.0,0,67
2029-03-20,Bread,Tue,0,67.0,71.6,40.0,0,29.6,1.0,0,59
2029-03-21,Bread,Wed,0,59.0,73.3,40.0,1,28.5,4.5,0,69
2029-03-22,Croissant,Thu,0,69.0,74.7,70.0,1,26.7,0.0,0,117
2029-03-23,Croissant,Fri,0,117.0,85.0,70.0,1,26.9,0.3,0,130
2029-03-24,Muffin,Sat,1,130.0,88.6,45.0,0,25.4,11.9,0,40
2029-03-25,Croissant,Sun,1,40.0,81.4,70.0,0,29.3,0.5,0,88
2029-03-26,Muffin,Mon,0,88.0,81.4,45.0,0,27.7,0.0,0,35
2029-03-27,Croissant,Tue,0,35.0,76.9,70.0,0,25.9,0.0,0,87
2029-03-28,Muffin,Wed,0,87.0,80.9,45.0,0,25.9,0.0,0,49
2029-03-29,Bread,Thu,0,49.0,78.0,40.0,0,24.1,3.4,0,61
2029-03-30,Croissant,Fri,0,61.0,70.0,70.0,0,31.1,0.0,0,94
2029-03-31,Muffin,Sat,1,94.0,64.9,45.0,0,28.3,0.0,0,55
2029-04-01,Bread,Sun,1,55.0,67.0,40.0,0,25.2,12.9,0,56
2029-04-02,Bread,Mon,0,56.0,62.4,40.0,1,30.6,0.0,0,71
2029-04-03,Muffin,Tue,0,71.0,67.6,45.0,1,26.2,0.0,0,51
2029-04-04,Pastry,Wed,0,51.0,62.4,60.0,0,23.5,0.0,0,60
2029-04-05,Croissant,Thu,0,60.0,64.0,70.0,1,31.3,4.7,0,94
2029-04-06,Croissant,Fri,0,94.0,68.7,70.0,0,26.3,2.9,0,83
2029-04-07,Bread,Sat,1,83.0,67.1,40.0,1,26.7,0.0,0,88
2029-04-08,Pastry,Sun,1,88.0,71.9,60.0,1,28.1,0.0,0,102
2029-04-09,Muffin,Mon,0,102.0,78.4,45.0,0,31.7,2.5,0,50
2029-04-10,Muffin,Tue,0,50.0,75.4,45.0,1,28.1,1.8,0,35
2029-04-11,Muffin,Wed,0,35.0,73.1,45.0,1,24.2,0.6,0,35
2029-04-12,Croissant,Thu,0,35.0,69.6,70.0,1,29.7,3.0,0,106
2029-04-13,Croissant,Fri,0,106.0,71.3,70.0,1,26.4,0.0,0,84
2029-04-14,Croissant,Sat,1,84.0,71.4,70.0,0,34.0,0.0,0,115
2029-04-15,Pastry,Sun,1,115.0,75.3,60.0,0,28.0,3.2,0,75
2029-04-16,Bread,Mon,0,75.0,71.4,40.0,1,20.8,2.1,0,76
2029-04-17,Pastry,Tue,0,76.0,75.1,60.0,0,29.1,1.2,0,72
2029-04-18,Pastry,Wed,0,72.0,80.4,60.0,0,34.2,12.5,0,86
2029-04-19,Bread,Thu,0,86.0,87.7,40.0,0,33.0,4.0,0,91
2029-04-20,Muffin,Fri,0,91.0,85.6,45.0,0,33.9,0.0,0,29
2029-04-21,Muffin,Sat,1,29.0,77.7,45.0,0,24.7,0.0,0,48
2029-04-22,Croissant,Sun,1,48.0,68.1,70.0,1,30.9,2.2,0,96
2029-04-23,Bread,Mon,0,96.0,71.1,40.0,0,25.7,6.1,0,64
2029-04-24,Croissant,Tue,0,64.0,69.4,70.0,1,28.7,2.0,0,101
2029-04-25,Muffin,Wed,0,101.0,73.6,45.0,1,23.9,0.3,0,54
2029-04-26,Pastry,Thu,0,54.0,69.0,60.0,0,25.9,1.7,0,67
2029-04-27,Muffin,Fri,0,67.0,65.6,45.0,0,25.8,0.0,0,45
2029-04-28,Bread,Sat,1,45.0,67.9,40.0,0,30.9,6.1,0,55
2029-04-29,Muffin,Sun,1,55.0,68.9,45.0,1,30.6,7.9,0,68
2029-04-30,Muffin,Mon,0,68.0,64.9,45.0,1,28.9,3.5,0,48
2029-05-01,Croissant,Tue,0,48.0,62.6,70.0,0,23.7,9.6,0,72
2029-05-02,Bread,Wed,0,72.0,58.4,40.0,0,27.0,0.2,0,73
2029-05-03,Pastry,Thu,0,73.0,61.1,60.0,0,25.6,1.9,0,75
2029-05-04,Bread,Fri,0,75.0,62.3,40.0,0,30.8,3.6,0,77
2029-05-05,Bread,Sat,1,77.0,66.9,40.0,1,31.8,2.3,0,93
2029-05-06,Pastry,Sun,1,93.0,72.3,60.0,1,31.4,0.4,0,96
2029-05-07,Muffin,Mon,0,96.0,76.3,45.0,0,25.6,0.7,0,41
2029-05-08,Croissant,Tue,0,41.0,75.3,70.0,1,20.0,7.2,0,95
2029-05-09,Croissant,Wed,0,95.0,78.6,70.0,0,22.3,1.0,0,103
2029-05-10,Pastry,Thu,0,103.0,82.9,60.0,1,32.5,5.7,0,98
2029-05-11,Bread,Fri,0,98.0,86.1,40.0,0,26.7,0.9,0,65
2029-05-12,Muffin,Sat,1,65.0,84.4,45.0,0,25.6,5.7,0,44
2029-05-13,Croissant,Sun,1,44.0,77.4,70.0,1,33.3,1.3,0,112
2029-05-14,Bread,Mon,0,112.0,79.7,40.0,0,32.0,3.2,0,78
2029-05-15,Muffin,Tue,0,78.0,85.0,45.0,0,28.1,0.0,0,42
2029-05-16,Bread,Wed,0,42.0,77.4,40.0,1,27.1,1.9,0,67
2029-05-17,Croissant,Thu,0,67.0,72.3,70.0,0,27.6,0.0,0,87
2029-05-18,Pastry,Fri,0,87.0,70.7,60.0,0,28.7,0.1,0,75
2029-05-19,Croissant,Sat,1,75.0,72.1,70.0,0,33.1,0.3,0,92
2029-05-20,Croissant,Sun,1,92.0,79.0,70.0,0,29.4,0.6,0,97
2029-05-21,Muffin,Mon,0,97.0,76.9,45.0,0,30.3,0.0,0,57
2029-05-22,Croissant,Tue,0,57.0,73.9,70.0,0,31.7,1.5,0,91
2029-05-23,Bread,Wed,0,91.0,80.9,40.0,1,24.3,5.7,0,77
2029-05-24,Pastry,Thu,0,77.0,82.3,60.0,0,30.4,3.1,0,60
2029-05-25,Muffin,Fri,0,60.0,78.4,45.0,0,27.1,0.0,0,44
2029-05-26,Croissant,Sat,1,44.0,74.0,70.0,1,20.0,0.0,0,103
2029-05-27,Bread,Sun,1,103.0,75.6,40.0,0,21.2,2.3,0,64
